policy,family,value,metric_p50,metric_p25,metric_p75
mean,msg_drop,0.0,9.962420894536418e-07,2.7815082401566647e-07,1.9788380651931984e-06
median,msg_drop,0.0,0.0004078650131743984,2.0077559071601777e-08,0.0014939768594698702
ippo,msg_drop,0.0,4.341573577872468e-06,2.2984739697716705e-07,8.23944338346175e-05
maddpg,msg_drop,0.0,0.00011963059241605034,1.0310171035301701e-05,0.0005041204957038965
mappo,msg_drop,0.0,1.4198995853086513e-05,3.9962082142636657e-07,9.728343747997728e-05
mean,msg_drop,0.1,1.157666238502651e-06,2.5997517455297005e-07,3.3840982317141635e-06
median,msg_drop,0.1,4.4147044856778186e-05,3.8747030638756756e-08,0.0011402115283022716
ippo,msg_drop,0.1,3.3894132199204503e-06,2.9479101296209515e-07,6.640544313270388e-05
maddpg,msg_drop,0.1,5.7886697307868186e-05,6.744642302867391e-06,0.0005999020699697273
mappo,msg_drop,0.1,1.0036941310464685e-05,5.267471604018681e-07,8.32494333091166e-05
mean,msg_drop,0.3,7.089696030079577e-07,3.3403385444357346e-07,2.3726887815123444e-06
median,msg_drop,0.3,1.5432290343129496e-06,1.0915354617622824e-07,3.015862354824119e-05
ippo,msg_drop,0.3,1.8272327188463582e-06,4.2879931360829123e-07,1.91292848590166e-05
maddpg,msg_drop,0.3,4.381396767793445e-05,2.1124223179764344e-06,0.00021821549074377874
mappo,msg_drop,0.3,5.84877429386612e-06,5.771665404911103e-07,3.3395972106646605e-05
mean,msg_drop,0.5,3.3377320295393053e-06,9.777078952479417e-07,7.763397508271493e-06
median,msg_drop,0.5,3.25691053241359e-06,9.235740843591482e-07,1.5029411676608045e-05
ippo,msg_drop,0.5,8.98731631562547e-06,1.3125238314392961e-06,2.3054986164220312e-05
maddpg,msg_drop,0.5,6.0538318308844e-05,2.0652229327917275e-06,0.0002731475582991903
mappo,msg_drop,0.5,1.1300384467930566e-05,2.5644733289223973e-06,5.6202786096494534e-05
mean,msg_drop,0.7,0.00014509534542971427,2.3256566611934105e-05,0.00024116651077939953
median,msg_drop,0.7,0.00020121770529994497,1.9916050915394673e-05,0.00027363816473345516
ippo,msg_drop,0.7,0.00019894891384335782,1.6941972623378717e-05,0.00041679434027930555
maddpg,msg_drop,0.7,0.0002704207438690361,4.748596245298621e-05,0.001216688378593787
mappo,msg_drop,0.7,0.00024412503996742936,2.831296946791944e-05,0.0006827631434270246
mean,msg_drop,1.0,1.0,1.0,1.0
median,msg_drop,1.0,1.0,1.0,1.0
ippo,msg_drop,1.0,1.0,1.0,1.0
maddpg,msg_drop,1.0,1.0,1.0,1.0
mappo,msg_drop,1.0,1.0,1.0,1.0
mean,latency,0.0,9.962420894536418e-07,2.7815082401566647e-07,1.9788380651931984e-06
median,latency,0.0,0.0004078650131743984,2.0077559071601777e-08,0.0014939768594698702
ippo,latency,0.0,4.341573577872468e-06,2.2984739697716705e-07,8.23944338346175e-05
maddpg,latency,0.0,0.00011963059241605034,1.0310171035301701e-05,0.0005041204957038965
mappo,latency,0.0,1.4198995853086513e-05,3.9962082142636657e-07,9.728343747997728e-05
mean,latency,1.0,1.2938598010978414e-05,3.9661004797397755e-06,2.189579135177482e-05
median,latency,1.0,0.0006854444653692152,4.037266198609465e-07,0.0033337796366465634
ippo,latency,1.0,2.4568377948716607e-05,2.894637144678184e-06,0.0004080964685319791
maddpg,latency,1.0,0.0002200427933209044,4.7964015356958635e-05,0.0008702792482427205
mappo,latency,1.0,5.822154015902589e-05,3.872152335609205e-06,0.0004180446372447444
mean,latency,2.0,7.70546184656054e-05,2.5668242804211496e-05,0.00011770207637930222
median,latency,2.0,0.0004526417735490687,5.389306199577406e-06,0.005287109627072123
ippo,latency,2.0,9.967065623444878e-05,1.744195825142177e-05,0.001085292480759901
maddpg,latency,2.0,0.000369436824540657,8.592328355985631e-05,0.001460864471553719
mappo,latency,2.0,0.00014821867186728244,1.43387592862815e-05,0.0011240957585164277
mean,latency,4.0,0.0005740149547375633,0.0003039127163735514,0.001030026026730877
median,latency,4.0,0.000814364222236711,9.711322137496455e-05,0.00405589874870505
ippo,latency,4.0,0.0007835090928842369,0.00016037936951518488,0.003241568916086314
maddpg,latency,4.0,0.001573169923990262,0.0003235597729558903,0.0036898540450816873
mappo,latency,4.0,0.0007969404360182348,0.00018702366846329473,0.004070106632873799
mean,latency,8.0,0.011722070958205141,0.006134294802890119,0.01649195825228685
median,latency,8.0,0.012231028728854537,0.00559067141397983,0.026327463748691875
ippo,latency,8.0,0.011781950636377459,0.006038881058269192,0.020995594066637584
maddpg,latency,8.0,0.011515904236182723,0.005092914372420624,0.018087785655444368
mappo,latency,8.0,0.012589289022290083,0.005948220447700044,0.02173087807662054
mean,bandwidth,1.0,2.2068456781276678e-14,5.449939299423555e-15,7.413659712657397e-13
median,bandwidth,1.0,6.77660219273488e-14,8.709390008767985e-15,1.696746490233219
ippo,bandwidth,1.0,6.834987615398288e-12,2.6972862516592703e-16,3.0003010041964657
maddpg,bandwidth,1.0,8.610435570267412e-09,2.6916677927333425e-15,6.680838506223813e-07
mappo,bandwidth,1.0,2.919853234522191e-11,7.161102808932953e-19,1.7444818374233404
mean,bandwidth,2.0,7.134050964473494e-15,1.2881660295265045e-15,8.566615459654678e-14
median,bandwidth,2.0,6.1399782728792046e-15,1.7899487504700685e-15,0.43800908334592686
ippo,bandwidth,2.0,1.1533098583946317e-12,1.034288230939024e-15,7.674570955363594e-08
maddpg,bandwidth,2.0,2.334215116440895e-09,2.021701461504876e-17,6.307893905915325e-07
mappo,bandwidth,2.0,7.77018171657655e-13,6.6238511169194e-17,0.4443738839768681
mean,bandwidth,3.0,8.587160541203773e-15,1.872584686093677e-15,1.2133350256117303e-12
median,bandwidth,3.0,3.2258689016921436e-15,1.5430966668659426e-15,0.08576848067385767
ippo,bandwidth,3.0,3.7040397184060444e-13,6.6467355834123516e-15,0.05208996570052939
maddpg,bandwidth,3.0,1.567633424176046e-08,9.74028581464589e-14,3.602354538152703e-07
mappo,bandwidth,3.0,7.181134674276723e-12,1.4940640397832124e-14,0.05031016495902628
mean,bandwidth,4.0,3.141974794126575e-14,8.58556408442009e-15,4.600436339465038e-13
median,bandwidth,4.0,3.9874941325771646e-14,2.921403126227706e-15,0.021934720207342197
ippo,bandwidth,4.0,1.293977424393339e-10,1.5909280807789395e-13,0.018138656782487685
maddpg,bandwidth,4.0,4.077157874756632e-07,2.4516298130465284e-08,0.014631298378719182
mappo,bandwidth,4.0,3.5975693441204066e-09,4.5447482839720976e-13,0.018046392801830652
mean,bandwidth,8.0,4.651173557320389e-05,2.8315580323632545e-07,7.076012668747909e-05
median,bandwidth,8.0,0.0005747656730797875,1.6501856073552094e-05,0.0028027368671618086
ippo,bandwidth,8.0,6.643212643751289e-05,1.357709612297194e-08,0.0003493621317205791
maddpg,bandwidth,8.0,0.00016787255395448917,4.8065775397658904e-05,0.0007684597394790242
mappo,bandwidth,8.0,6.445130227375531e-05,3.3937557750507815e-06,0.00027091022028801767
mean,bandwidth,0.0,9.962420894536418e-07,2.7815082401566647e-07,1.9788380651931984e-06
median,bandwidth,0.0,0.0004078650131743984,2.0077559071601777e-08,0.0014939768594698702
ippo,bandwidth,0.0,4.341573577872468e-06,2.2984739697716705e-07,8.23944338346175e-05
maddpg,bandwidth,0.0,0.00011963059241605034,1.0310171035301701e-05,0.0005041204957038965
mappo,bandwidth,0.0,1.4198995853086513e-05,3.9962082142636657e-07,9.728343747997728e-05
mean,spoof,0.0,9.962420894536418e-07,2.7815082401566647e-07,1.9788380651931984e-06
median,spoof,0.0,0.0004078650131743984,2.0077559071601777e-08,0.0014939768594698702
ippo,spoof,0.0,4.341573577872468e-06,2.2984739697716705e-07,8.23944338346175e-05
maddpg,spoof,0.0,0.00011963059241605034,1.0310171035301701e-05,0.0005041204957038965
mappo,spoof,0.0,1.4198995853086513e-05,3.9962082142636657e-07,9.728343747997728e-05
mean,spoof,0.1,0.003542140191999346,0.002193314335923316,0.009147010937826178
median,spoof,0.1,0.0004590049961595454,0.00024610815899108726,0.0007131322046923684
ippo,spoof,0.1,0.0011294371380393621,0.0006788350329460633,0.0023389188303930396
maddpg,spoof,0.1,0.001972353391091149,0.001326170243741014,0.0029932451761518074
mappo,spoof,0.1,0.0011184185076537011,0.0006166594173758399,0.002108700018442178
mean,spoof,0.3,0.015073091422549891,0.012761088602467021,0.022698486402306425
median,spoof,0.3,0.007509428390982019,0.003312833007020916,0.015341211712971264
ippo,spoof,0.3,0.0101392721462302,0.005537611850086506,0.01722254513149208
maddpg,spoof,0.3,0.011854732267817907,0.0058971161045540945,0.023122205789675908
mappo,spoof,0.3,0.010963515565125852,0.005671465492446237,0.0194087680229801
mean,spoof,0.5,0.029471556404405228,0.014950578610099652,0.049836869540079265
median,spoof,0.5,0.019438189691581002,0.013370898926801277,0.02655234862523257
ippo,spoof,0.5,0.015655548065988113,0.011519245363057592,0.026777167167339015
maddpg,spoof,0.5,0.022034220126924423,0.014317784781185724,0.04278830365416371
mappo,spoof,0.5,0.016123552741340724,0.011578235103854482,0.027887696945152515
mean,spoof,1.0,0.05814829465691469,0.0479034111814064,0.07786263367920754
median,spoof,1.0,0.07433099282965955,0.05668906861805807,0.10914451101473187
ippo,spoof,1.0,0.05920314807399499,0.04662313657468176,0.07993016230560164
maddpg,spoof,1.0,0.07117312948667326,0.059694852016439204,0.0946783327985835
mappo,spoof,1.0,0.059210509957470306,0.04485990147069008,0.089375378573679
mean,byzantine,0.0,9.962420894536418e-07,2.7815082401566647e-07,1.9788380651931984e-06
median,byzantine,0.0,0.0004078650131743984,2.0077559071601777e-08,0.0014939768594698702
ippo,byzantine,0.0,4.341573577872468e-06,2.2984739697716705e-07,8.23944338346175e-05
maddpg,byzantine,0.0,0.00011963059241605034,1.0310171035301701e-05,0.0005041204957038965
mappo,byzantine,0.0,1.4198995853086513e-05,3.9962082142636657e-07,9.728343747997728e-05
mean,byzantine,0.1,0.009648700118925402,0.00554915155021923,0.04859722468241252
median,byzantine,0.1,0.0002160480877135482,3.5105644596832996e-06,0.012375055783397227
ippo,byzantine,0.1,0.006331254230033837,0.002651279387648005,0.015133373478373038
maddpg,byzantine,0.1,0.008103424152975214,0.0018910310181576653,0.019625449768408538
mappo,byzantine,0.1,0.0077114095837829185,0.002268648075492143,0.016700307899857842
mean,byzantine,0.25,0.07029446677232198,0.05552515814036408,0.08127972737031744
median,byzantine,0.25,0.0021215721583847805,7.208087943107865e-05,0.03579051835591997
ippo,byzantine,0.25,0.014285032442898218,0.00889653010226806,0.036942210707435766
maddpg,byzantine,0.25,0.023958183071613452,0.009383421762812313,0.05586552843565777
mappo,byzantine,0.25,0.016584595073650246,0.009164623474258756,0.03169497260765483
mean,byzantine,0.5,0.09663425603695328,0.0762200206573577,0.22112188584426268
median,byzantine,0.5,0.08195177529453276,0.007464744648267671,0.14906157548685894
ippo,byzantine,0.5,0.043078425043117013,0.01942143515026426,0.18005769504153143
maddpg,byzantine,0.5,0.06067710596283584,0.025340934581809547,0.14533057033248922
mappo,byzantine,0.5,0.05020255467474002,0.015325055581045889,0.18573191686076043
