strategy,bits,consensus_error
mean,1.0,2.755565575122475
mean,1.0,2.672314648707003
mean,1.0,6.719893863023534
mean,1.0,2.1130454924053046
mean,1.0,8.083010652965891
mean,1.0,5.69802111376455
mean,1.0,8.44176408713425
mean,1.0,7.186857467009221
mean,1.0,7.869445114782185
mean,1.0,7.327003718423654
mean,2.0,0.5659964437489643
mean,2.0,0.8445138060380769
mean,2.0,0.3507906323735748
mean,2.0,0.2769611245314965
mean,2.0,0.7107562410050245
mean,2.0,0.14980987709940735
mean,2.0,0.8198784658875804
mean,2.0,0.4635315150519023
mean,2.0,0.6484326011924788
mean,2.0,0.49962825183117887
mean,3.0,0.03272436862071252
mean,3.0,0.12078804933060142
mean,3.0,0.00043460726194582256
mean,3.0,0.053077473470458804
mean,3.0,0.07378559115490135
mean,3.0,0.03399442169167915
mean,3.0,0.11158461469879699
mean,3.0,0.011968998157309979
mean,3.0,0.054673923589594976
mean,3.0,0.018337302187817463
mean,4.0,0.0022726814164891924
mean,4.0,0.012545845497666422
mean,4.0,0.0369699860632839
mean,4.0,0.01280655272965613
mean,4.0,0.0018544740294491584
mean,4.0,0.00016762974884019762
mean,4.0,0.011124217324128228
mean,4.0,0.014201134243906533
mean,4.0,0.03529819080148694
mean,4.0,0.02511431238144121
mean,8.0,0.0013998295361686494
mean,8.0,0.0006178535935144341
mean,8.0,0.001201484862081309
mean,8.0,0.01736596878829752
mean,8.0,3.053546194349778e-05
mean,8.0,0.003322491173968568
mean,8.0,0.0001482464679232604
mean,8.0,0.0006275458030044474
mean,8.0,0.010289127061224404
mean,8.0,0.0001914813489718706
mean,32.0,0.0016408928661126108
mean,32.0,0.0004845344668620956
mean,32.0,0.001244076452973517
mean,32.0,0.019471394709923987
mean,32.0,3.289845831358144e-05
mean,32.0,0.0037162859002192066
mean,32.0,5.4443811557676666e-05
mean,32.0,0.00026357160358919055
mean,32.0,0.010348279756478822
mean,32.0,7.788988655482425e-06
median,1.0,7.575305849415284
median,1.0,7.595488409193484
median,1.0,6.719893863304504
median,1.0,5.60885458379017
median,1.0,8.083010658796718
median,1.0,5.698021113800133
median,1.0,8.44176408714305
median,1.0,7.186857467047496
median,1.0,7.869445116179665
median,1.0,7.327003718506499
median,2.0,0.5659964437070998
median,2.0,0.6743531205759701
median,2.0,0.3507906324264881
median,2.0,0.7288414706804134
median,2.0,0.7107562411351971
median,2.0,0.14980987710168883
median,2.0,0.8198784659067746
median,2.0,0.4635315150677936
median,2.0,0.6484326014600456
median,2.0,0.4996282518627235
median,3.0,0.032724368622604846
median,3.0,0.12078804937708283
median,3.0,0.0004346072619450891
median,3.0,0.17041640475213415
median,3.0,0.07378559116174893
median,3.0,0.16342632965110732
median,3.0,0.11158461487425005
median,3.0,0.011968998158091087
median,3.0,0.05467392363967651
median,3.0,0.018337302188861822
median,4.0,0.0022726814166660154
median,4.0,0.035324133261746604
median,4.0,0.036969986218869766
median,4.0,0.03874249844788395
median,4.0,0.0018544740296762116
median,4.0,0.050283472508992885
median,4.0,0.01112421735198129
median,4.0,0.014201134235832797
median,4.0,2.7595362474896926e-05
median,4.0,0.03045747051234803
median,8.0,0.0029824145641525962
median,8.0,0.0019622998308747317
median,8.0,0.011782032647526846
median,8.0,0.06732391952428507
median,8.0,0.0006324199093987388
median,8.0,0.028998951461145346
median,8.0,0.06290839262035627
median,8.0,0.00015718648981962515
median,8.0,0.004568420039460491
median,8.0,0.0066357245980260245
median,32.0,0.0031747075810463392
median,32.0,0.00320487385707176
median,32.0,0.010946791357537613
median,32.0,0.07442097525631906
median,32.0,0.0008740494206147465
median,32.0,0.029115833628476574
median,32.0,0.06772029398602346
median,32.0,1.4997736387157827e-05
median,32.0,0.00558790176527997
median,32.0,0.006940615166373581
trimmed,1.0,7.575305849313983
trimmed,1.0,5.097016430059131
trimmed,1.0,6.719893863250162
trimmed,1.0,4.91784982445474
trimmed,1.0,4.459016346983862
trimmed,1.0,5.69802111379185
trimmed,1.0,8.44176408719907
trimmed,1.0,7.186857467038168
trimmed,1.0,7.869445115196977
trimmed,1.0,7.327003718492915
trimmed,2.0,0.34072814620702824
trimmed,2.0,0.8445138061361914
trimmed,2.0,0.3507906323930111
trimmed,2.0,0.6482861288618398
trimmed,2.0,0.7107562409041659
trimmed,2.0,0.1498098771014957
trimmed,2.0,0.8198784659019577
trimmed,2.0,0.4635315150656771
trimmed,2.0,0.6484326012545655
trimmed,2.0,0.4996282518438301
trimmed,3.0,0.03272436861577528
trimmed,3.0,0.12078804936549029
trimmed,3.0,0.0004346072611037327
trimmed,3.0,0.12141744131570971
trimmed,3.0,0.07378559116178281
trimmed,3.0,0.08164642158531729
trimmed,3.0,0.11158461486225515
trimmed,3.0,0.01196899815829759
trimmed,3.0,0.054673923600701155
trimmed,3.0,0.018337302187397108
trimmed,4.0,0.0022726814117529867
trimmed,4.0,0.02555216687338229
trimmed,4.0,0.03696998616750158
trimmed,4.0,0.02774933138466922
trimmed,4.0,0.0018544740294627465
trimmed,4.0,0.029501102713045495
trimmed,4.0,0.011124217362269708
trimmed,4.0,0.014201134227538745
trimmed,4.0,0.04168869706395577
trimmed,4.0,0.022844475842240586
trimmed,8.0,0.002855409923785872
trimmed,8.0,0.0009478718525718528
trimmed,8.0,0.0003326142678545118
trimmed,8.0,0.008515241514718549
trimmed,8.0,3.6174619351741425e-05
trimmed,8.0,0.019512797850306775
trimmed,8.0,0.05394665843973321
trimmed,8.0,2.314819847553178e-06
trimmed,8.0,0.008582280687213168
trimmed,8.0,0.001510230288527491
trimmed,32.0,0.0028572961100505447
trimmed,32.0,0.0013177922597973784
trimmed,32.0,0.00035887651848145053
trimmed,32.0,0.007174937343838212
trimmed,32.0,0.0002950241189745932
trimmed,32.0,0.015035469072286142
trimmed,32.0,0.05156425581655194
trimmed,32.0,8.27776367096551e-07
trimmed,32.0,0.010978249612222189
trimmed,32.0,0.0006960759565348241
gnn,1.0,7.454983266696537
gnn,1.0,8.595595995836637
gnn,1.0,7.799711024737853
gnn,1.0,8.838735351976997
gnn,1.0,8.447253903499728
gnn,1.0,5.698020894744664
gnn,1.0,8.441763174798282
gnn,1.0,7.186856939724356
gnn,1.0,9.174792962760373
gnn,1.0,7.327003089270528
gnn,2.0,0.7985804118009804
gnn,2.0,0.8714431621144962
gnn,2.0,0.7477463953103614
gnn,2.0,0.8988448388331655
gnn,2.0,0.9434519743794425
gnn,2.0,0.44909669062282953
gnn,2.0,0.8249997591869296
gnn,2.0,0.6253308941875082
gnn,2.0,1.02751717281237
gnn,2.0,0.6886062364382178
gnn,3.0,0.032724334186589904
gnn,3.0,0.22169802463153138
gnn,3.0,0.0004346065892425851
gnn,3.0,1.0816013177912798
gnn,3.0,0.2627217300995156
gnn,3.0,0.40828977929121557
gnn,3.0,0.9021368724847558
gnn,3.0,0.6464780542050326
gnn,3.0,0.1526524361431955
gnn,3.0,0.6384245922044133
gnn,4.0,0.002272677668951229
gnn,4.0,0.011366908217318485
gnn,4.0,0.036969575278527955
gnn,4.0,0.009895336253669174
gnn,4.0,0.0018544708415189942
gnn,4.0,0.045087266521609715
gnn,4.0,0.7396397846054724
gnn,4.0,0.07886605055035502
gnn,4.0,0.07238106744586256
gnn,4.0,0.08925267412100021
gnn,8.0,0.00028815993421778735
gnn,8.0,0.00017319950902034087
gnn,8.0,0.002611491104289177
gnn,8.0,0.00398932984419479
gnn,8.0,0.004432680226762915
gnn,8.0,0.010955742185394624
gnn,8.0,0.00206799685917255
gnn,8.0,0.010309571464854598
gnn,8.0,0.0032887386175669752
gnn,8.0,0.007302408849418983
gnn,32.0,6.0372572031548625e-05
gnn,32.0,4.9104703306526024e-05
gnn,32.0,0.002393203337764208
gnn,32.0,0.004723145480545465
gnn,32.0,0.004203234239461795
gnn,32.0,0.00972233894718547
gnn,32.0,0.002587856760752014
gnn,32.0,0.01172491257145881
gnn,32.0,0.003582998600714917
gnn,32.0,0.006313524611315617
oracle,1.0,7.575305849610262
oracle,1.0,8.520411097841325
oracle,1.0,6.719893863334616
oracle,1.0,8.845284871288465
oracle,1.0,8.083010659016864
oracle,1.0,5.6980211138093155
oracle,1.0,8.44176408726737
oracle,1.0,7.1868574670603875
oracle,1.0,7.8694451167263795
oracle,1.0,7.3270037185415
oracle,2.0,0.5659964437769569
oracle,2.0,0.8445138062003036
oracle,2.0,0.35079063243459085
oracle,2.0,0.9488754154878005
oracle,2.0,0.7107562411886575
oracle,2.0,0.14980987710256696
oracle,2.0,0.819878465915872
oracle,2.0,0.46353151507056395
oracle,2.0,0.6484326014855342
oracle,2.0,0.4996282518690953
oracle,3.0,0.032724368623413304
oracle,3.0,0.12078804938741305
oracle,3.0,0.0004346072619847457
oracle,3.0,0.16214618320072519
oracle,3.0,0.07378559117942785
oracle,3.0,0.033994421699467946
oracle,3.0,0.11158461489998803
oracle,3.0,0.011968998158015127
oracle,3.0,0.05467392364412164
oracle,3.0,0.018337302190095085
oracle,4.0,0.002272681416961351
oracle,4.0,0.014154889517222411
oracle,4.0,0.03696998624315458
oracle,4.0,0.03031163314086069
oracle,4.0,0.001854474030701548
oracle,4.0,0.0001676297497855799
oracle,4.0,0.011124217348600023
oracle,4.0,0.014201134247961036
oracle,4.0,2.759536252219651e-05
oracle,4.0,0.008678065173460444
oracle,8.0,3.767811200572416e-07
oracle,8.0,1.7616300165487639e-06
oracle,8.0,1.6325750364277953e-05
oracle,8.0,8.829386684771147e-05
oracle,8.0,1.5961775260596248e-05
oracle,8.0,0.00011198340040069756
oracle,8.0,0.00012890782757281162
oracle,8.0,2.314819715001966e-06
oracle,8.0,2.759536252219651e-05
oracle,8.0,9.245086861378321e-07
oracle,32.0,1.9332417335191678e-23
oracle,32.0,3.027725127186996e-23
oracle,32.0,3.240226975394371e-23
oracle,32.0,4.652064856822791e-23
oracle,32.0,2.7341587345077213e-23
oracle,32.0,2.707556026041053e-23
oracle,32.0,3.7230441471358596e-23
oracle,32.0,3.416045912976766e-23
oracle,32.0,2.396636336681159e-23
oracle,32.0,2.6150663508387158e-23
