strategy,n_agents,cond,seed,final_disagreement,lyap_rho,msgs_sent
mean,10,clean,0,0.0002479121730937152,0.8608910433447053,1200
mean,10,clean,1,0.0009080749986150341,0.8655354880426896,1200
mean,10,clean,2,0.00018316022708250468,0.8613656511779597,1200
mean,10,clean,3,0.00019416128934670115,0.8652156125516957,1200
mean,10,clean,4,1.3551685805960623e-05,0.852099636824902,1200
mean,10,clean,5,0.0003774030675883802,0.869018982823692,1200
mean,10,clean,6,7.133120086676444e-05,0.8623709472980738,1200
mean,10,clean,7,0.00011477766595240661,0.8638170623743915,1200
mean,10,clean,8,0.0007531357681952115,0.8688415441950524,1200
mean,10,clean,9,0.0003054254996276531,0.8641608795489686,1200
mean,20,clean,0,0.26433321759022105,0.9464084067075081,2400
mean,20,clean,1,0.09993077259261074,0.9385175015557379,2400
mean,20,clean,2,0.3553330859704643,0.9548155754848044,2400
mean,20,clean,3,0.1433851637241629,0.9528039653299993,2400
mean,20,clean,4,0.02535280207185681,0.9229370583890576,2400
mean,20,clean,5,0.2352316811045261,0.9598921575993246,2400
mean,20,clean,6,0.19863171518873216,0.942336232959688,2400
mean,20,clean,7,0.1583218317606975,0.9550697066558992,2400
mean,20,clean,8,0.07986995371838644,0.940029664880743,2400
mean,20,clean,9,0.16622808598228578,0.950836302035757,2400
mean,40,clean,0,2.656142268599302,0.9725934189723172,4800
mean,40,clean,1,0.8946889954699483,0.9575915277010052,4800
mean,40,clean,2,1.424629193847783,0.9703463927653713,4800
mean,40,clean,3,0.8267843836276101,0.960004090245436,4800
mean,40,clean,4,0.9706789414840513,0.9670785368530601,4800
mean,40,clean,5,0.3640864869388913,0.9530738653263909,4800
mean,40,clean,6,0.838170449093745,0.9575639333926612,4800
mean,40,clean,7,1.7243694157303193,0.9737872521651846,4800
mean,40,clean,8,0.13420774584656797,0.9362514575813325,4800
mean,40,clean,9,0.798817665706353,0.9682876164064397,4800
mean,80,clean,0,4.740941513159474,0.9720751967905241,9600
mean,80,clean,1,4.755828453405002,0.9718473945859739,9600
mean,80,clean,2,4.187788931383523,0.9718097314009725,9600
mean,80,clean,3,4.902682652833921,0.9767482966539344,9600
mean,80,clean,4,1.1814284356711386,0.9553981632822016,9600
mean,80,clean,5,1.7557678643428096,0.959510183831759,9600
mean,80,clean,6,6.603311824867946,0.9783611988423115,9600
mean,80,clean,7,2.6051830891170034,0.9716669938750326,9600
mean,80,clean,8,1.362697816362458,0.9613803358164756,9600
mean,80,clean,9,3.0494918837591296,0.9740303981973891,9600
mean,160,clean,0,6.050998214307222,0.9691970369082941,19200
mean,160,clean,1,11.647816143515024,0.9739813637289171,19200
mean,160,clean,2,7.944808333609069,0.9709439982794565,19200
mean,160,clean,3,12.923636243639322,0.979472697538204,19200
mean,160,clean,4,7.748189330781836,0.9724266772200442,19200
mean,160,clean,5,4.607433326299562,0.9651072289213557,19200
mean,160,clean,6,10.04582847535657,0.9741507174632287,19200
mean,160,clean,7,4.359946960093459,0.967998155832651,19200
mean,160,clean,8,5.073017606125715,0.9681864380591494,19200
mean,160,clean,9,8.284020197028033,0.9761093984397969,19200
oracle,10,clean,0,4.840037589409225e-22,0.42389302318158234,600
oracle,10,clean,1,5.908759549256078e-22,0.42353227297040585,600
oracle,10,clean,2,2.7695079399866606e-22,0.42339167512837944,600
oracle,10,clean,3,1.5946106093665029e-22,0.4228190518349357,600
oracle,10,clean,4,2.535104813439801e-22,0.4235603745915549,600
oracle,10,clean,5,1.0890691428216364e-22,0.4235874541275288,600
oracle,10,clean,6,1.0935961010061175e-22,0.4235790926872854,600
oracle,10,clean,7,1.4236575255071036e-22,0.4230474125247443,600
oracle,10,clean,8,2.208139015280668e-22,0.4238239140646533,600
oracle,10,clean,9,3.735150333956953e-22,0.4228216009717812,600
oracle,20,clean,0,8.032203537408792e-22,0.4229777197975904,1200
oracle,20,clean,1,9.712846744282836e-22,0.42263492445304174,1200
oracle,20,clean,2,7.129427332540043e-22,0.4231929869033225,1200
oracle,20,clean,3,2.691516179655324e-22,0.42344616290471293,1200
oracle,20,clean,4,5.520700142265898e-22,0.42365506393574404,1200
oracle,20,clean,5,2.8964926186912705e-22,0.42330619284302445,1200
oracle,20,clean,6,6.184003610109579e-22,0.42344998744517937,1200
oracle,20,clean,7,4.0189609758461442e-22,0.4226821343126612,1200
oracle,20,clean,8,7.918080212900491e-22,0.42300355432119807,1200
oracle,20,clean,9,9.716695305005468e-22,0.4226342096029944,1200
oracle,40,clean,0,1.6117256617141914e-21,0.42323607481922243,2400
oracle,40,clean,1,1.747858500449147e-21,0.42309715625721556,2400
oracle,40,clean,2,1.484570728264399e-21,0.42337691380306636,2400
oracle,40,clean,3,1.2351573348045302e-21,0.42369229682614523,2400
oracle,40,clean,4,1.0524101197815493e-21,0.4239670394440146,2400
oracle,40,clean,5,9.461580995101818e-22,0.4226821976668853,2400
oracle,40,clean,6,1.1727400444038299e-21,0.4237812554947688,2400
oracle,40,clean,7,9.132547229347723e-22,0.42274604630917173,2400
oracle,40,clean,8,1.3517065667684919e-21,0.42353765237244456,2400
oracle,40,clean,9,1.3304049171397478e-21,0.4235648911674779,2400
oracle,80,clean,0,2.892667297120208e-21,0.4236498495850806,4800
oracle,80,clean,1,3.590747742362821e-21,0.423297744878577,4800
oracle,80,clean,2,3.326920867313914e-21,0.4234220068925202,4800
oracle,80,clean,3,2.918055133254352e-21,0.4236356110470112,4800
oracle,80,clean,4,2.200215370886112e-21,0.4227030831572771,4800
oracle,80,clean,5,2.441544190187786e-21,0.42252501043040797,4800
oracle,80,clean,6,2.7791973529436264e-21,0.4237150588455859,4800
oracle,80,clean,7,1.9720681637696537e-21,0.42289046918943385,4800
oracle,80,clean,8,2.255986801535729e-21,0.4226602456435436,4800
oracle,80,clean,9,2.4482779079130212e-21,0.42252029890382964,4800
oracle,160,clean,0,5.3059822752881715e-21,0.42266250314148207,9600
oracle,160,clean,1,6.811479972913566e-21,0.42360164529418703,9600
oracle,160,clean,2,6.665788874902422e-21,0.4236351542534774,9600
oracle,160,clean,3,5.919294252050137e-21,0.42381927574669687,9600
oracle,160,clean,4,5.5434905047912855e-21,0.42259132381468795,9600
oracle,160,clean,5,5.208907602600932e-21,0.4226925206745868,9600
oracle,160,clean,6,5.46662169990552e-21,0.42261402007251503,9600
oracle,160,clean,7,5.141072766376903e-21,0.42271383221460185,9600
oracle,160,clean,8,4.970799314127347e-21,0.42276859532804606,9600
oracle,160,clean,9,5.450944173524455e-21,0.42261868835194555,9600
hybrid,10,clean,0,7.921451663788011e-07,0.7678203399113428,1200
hybrid,10,clean,1,2.810103440740431e-07,0.7487506445379004,1200
hybrid,10,clean,2,9.5644401009885e-07,0.7703721657625244,1200
hybrid,10,clean,3,1.2591141257551284e-07,0.7557045349291707,1200
hybrid,10,clean,4,2.911024976738945e-07,0.7669770867684994,1200
hybrid,10,clean,5,3.3011750883143294e-07,0.7690758127306893,1200
hybrid,10,clean,6,2.0071429962470682e-07,0.767918383848032,1200
hybrid,10,clean,7,4.2912851644776035e-08,0.7515146889519114,1200
hybrid,10,clean,8,2.3007488806576082e-07,0.7634603927408322,1200
hybrid,10,clean,9,2.8769160165394643e-07,0.7645940170697171,1200
hybrid,20,clean,0,1.2409967867539947e-06,0.7830075686446647,2640
hybrid,20,clean,1,8.903112563755577e-06,0.7916247452441514,2640
hybrid,20,clean,2,3.765626068806464e-06,0.7892327849290454,2640
hybrid,20,clean,3,3.2635893883568084e-06,0.7914455503525906,2640
hybrid,20,clean,4,6.066440790793918e-06,0.7919605135742328,2640
hybrid,20,clean,5,1.916598232770555e-06,0.78928546891948,2640
hybrid,20,clean,6,8.72791078806557e-06,0.7923214807254506,2640
hybrid,20,clean,7,4.806562340201802e-06,0.7913021182149126,2640
hybrid,20,clean,8,1.3580173600025295e-06,0.7832791551364873,2640
hybrid,20,clean,9,1.0192063299480776e-05,0.7908856572189754,2640
hybrid,40,clean,0,1.3103352858963362e-05,0.7865404901144116,5880
hybrid,40,clean,1,1.1646229820814174e-05,0.7892867694935883,5880
hybrid,40,clean,2,1.1833370519862454e-05,0.7869151616412903,5880
hybrid,40,clean,3,6.644816690636423e-06,0.7853962962815931,5880
hybrid,40,clean,4,4.8243671063608545e-06,0.7869380264406524,5880
hybrid,40,clean,5,1.0504527856774771e-05,0.7922846447687572,5880
hybrid,40,clean,6,2.463614045786452e-05,0.7947419160101251,5880
hybrid,40,clean,7,4.557600689294628e-06,0.7863701571039887,5880
hybrid,40,clean,8,4.538205868548989e-06,0.7826098560595233,5880
hybrid,40,clean,9,4.1584909431611395e-06,0.7858116172725398,5880
hybrid,80,clean,0,1.6227910009374264e-05,0.7828649807676136,12840
hybrid,80,clean,1,1.7175941249159212e-05,0.7824487412128179,12840
hybrid,80,clean,2,3.433575387687315e-05,0.7855398535469955,12840
hybrid,80,clean,3,1.4230215238428049e-05,0.7829613043899744,12840
hybrid,80,clean,4,1.2445986134225863e-05,0.7819451217093202,12840
hybrid,80,clean,5,1.5861846963196852e-05,0.7837766873248496,12840
hybrid,80,clean,6,1.0524522065179986e-05,0.7789421746899817,12840
hybrid,80,clean,7,7.222588661986436e-06,0.7817237409440566,12840
hybrid,80,clean,8,1.71595745644691e-05,0.7842471110886292,12840
hybrid,80,clean,9,3.206939149730595e-05,0.7863235887607565,12840
hybrid,160,clean,0,4.972061464060186e-05,0.7846197390547626,27000
hybrid,160,clean,1,4.6721317699568525e-05,0.7848666190519447,27000
hybrid,160,clean,2,5.076079726489364e-05,0.7839692081978047,27000
hybrid,160,clean,3,4.438059689098433e-05,0.7832070254981592,27000
hybrid,160,clean,4,2.953575864062474e-05,0.7825401613134606,27000
hybrid,160,clean,5,4.037598000852422e-05,0.7839533543119157,27000
hybrid,160,clean,6,3.2736673598031296e-05,0.7855979634672945,27000
hybrid,160,clean,7,5.066374211559133e-05,0.7867983102405236,27000
hybrid,160,clean,8,3.17523222114932e-05,0.7842138474275084,27000
hybrid,160,clean,9,6.072405134736991e-05,0.7867489911737495,27000
gnn,10,clean,0,0.008098098517571605,0.8892778953951201,1200
gnn,10,clean,1,3.5433195942349776,0.9790997339951625,1200
gnn,10,clean,2,0.00018853115106030232,0.8572970764030241,1200
gnn,10,clean,3,0.0014303474163439337,0.889476385566662,1200
gnn,10,clean,4,0.00017019254450660796,0.8763309189429292,1200
gnn,10,clean,5,0.0026316918831732943,0.8962415205238624,1200
gnn,10,clean,6,0.0006635487805253274,0.8885122046610375,1200
gnn,10,clean,7,0.0013854029798627836,0.8911016637948231,1200
gnn,10,clean,8,0.005226074338146212,0.8948845646923773,1200
gnn,10,clean,9,0.000986445758668144,0.8822790758906915,1200
gnn,20,clean,0,0.3035360215633847,0.9353105371452476,2400
gnn,20,clean,1,1.9999232841491552,0.9678228227242215,2400
gnn,20,clean,2,1.3096702264389783,0.954694786943558,2400
gnn,20,clean,3,0.24339213036880208,0.9565117086590511,2400
gnn,20,clean,4,0.10732738804767236,0.9191301033058848,2400
gnn,20,clean,5,0.36571007825590046,0.9647898111147767,2400
gnn,20,clean,6,1.4590049228530146,0.9654665506948774,2400
gnn,20,clean,7,0.2777978713731993,0.9568996160661741,2400
gnn,20,clean,8,0.19536722668482928,0.9270023390507389,2400
gnn,20,clean,9,0.4806849115088092,0.948475260194811,2400
gnn,40,clean,0,5.5354855880848275,0.9723313286951821,4800
gnn,40,clean,1,11.172263512757619,0.9832962241700944,4800
gnn,40,clean,2,6.192862661336639,0.9738532225678471,4800
gnn,40,clean,3,2.4470557512152205,0.9638525287169369,4800
gnn,40,clean,4,0.7051080124080742,0.9462148868190008,4800
gnn,40,clean,5,0.5754671615656715,0.9479217601535628,4800
gnn,40,clean,6,1.5690652116061385,0.9550536103775161,4800
gnn,40,clean,7,2.084357362688258,0.9753790464973138,4800
gnn,40,clean,8,0.4841381400088819,0.9355360064537657,4800
gnn,40,clean,9,0.6251648917470248,0.9416585268902112,4800
gnn,80,clean,0,8.587248952026966,0.9698818157771881,9600
gnn,80,clean,1,10.64848645429339,0.9747661937163605,9600
gnn,80,clean,2,14.268751182873281,0.9748450314233198,9600
gnn,80,clean,3,7.1035490748048,0.968103992571442,9600
gnn,80,clean,4,1.3906365014326978,0.943144703173639,9600
gnn,80,clean,5,4.481967346712684,0.9678994232429469,9600
gnn,80,clean,6,10.003843422225131,0.9741617416227303,9600
gnn,80,clean,7,3.090072998328446,0.9673886474541675,9600
gnn,80,clean,8,2.694150901093875,0.9553661867804756,9600
gnn,80,clean,9,4.335228389021464,0.9668677412370119,9600
gnn,160,clean,0,12.117408221412052,0.9674089333100631,19200
gnn,160,clean,1,27.897923574774673,0.9761712316012281,19200
gnn,160,clean,2,24.111697256524394,0.9724679135060604,19200
gnn,160,clean,3,18.21755176966504,0.9742292144938275,19200
gnn,160,clean,4,10.463303763719447,0.9639593307293692,19200
gnn,160,clean,5,10.417151887032535,0.9700960346195692,19200
gnn,160,clean,6,15.004535124516217,0.9707394069156601,19200
gnn,160,clean,7,6.8576998257869395,0.9611677318441316,19200
gnn,160,clean,8,9.357376162532073,0.9623308345155759,19200
gnn,160,clean,9,11.883945988298272,0.9694745017345427,19200
mean,10,drop0.3,0,0.0002519900004728194,0.8667469744113977,1200
mean,10,drop0.3,1,0.0015167132449280178,0.8698992194628642,1200
mean,10,drop0.3,2,0.0005115516929401636,0.872866808159373,1200
mean,10,drop0.3,3,0.00010868733384542183,0.857016782541852,1200
mean,10,drop0.3,4,0.0002639500888103216,0.8805455312675001,1200
mean,10,drop0.3,5,0.0010046429877310112,0.8866704829902075,1200
mean,10,drop0.3,6,0.00024283364119400297,0.8811673073971387,1200
mean,10,drop0.3,7,0.000303571864391839,0.8680368533834358,1200
mean,10,drop0.3,8,0.0019545043631565753,0.8835448352282795,1200
mean,10,drop0.3,9,0.0007626048707475509,0.8780530982772133,1200
mean,20,drop0.3,0,0.3762760225792794,0.9508189972713655,2400
mean,20,drop0.3,1,0.015919677836939167,0.906992991778795,2400
mean,20,drop0.3,2,0.5349816484304474,0.9539209131475843,2400
mean,20,drop0.3,3,0.28528673863297305,0.9621269684519692,2400
mean,20,drop0.3,4,0.09343044507348187,0.9409657694374108,2400
mean,20,drop0.3,5,0.28191180833710267,0.9621143277020212,2400
mean,20,drop0.3,6,0.36765540514653067,0.9510837068547473,2400
mean,20,drop0.3,7,0.4427610311281629,0.9652056502480301,2400
mean,20,drop0.3,8,0.05459415661252717,0.927798702802231,2400
mean,20,drop0.3,9,0.22735654142531006,0.9549012260579111,2400
mean,40,drop0.3,0,1.9657342754464964,0.9695528395770259,4800
mean,40,drop0.3,1,0.20035602237335137,0.9262639345557689,4800
mean,40,drop0.3,2,2.398888541043843,0.9729221367295634,4800
mean,40,drop0.3,3,1.1570444066722576,0.964100193188338,4800
mean,40,drop0.3,4,1.6279483183343357,0.9674069089372495,4800
mean,40,drop0.3,5,0.27519569147523837,0.9472792326972577,4800
mean,40,drop0.3,6,0.9360660125468218,0.9595574565629689,4800
mean,40,drop0.3,7,2.8024265079609414,0.9789228732258896,4800
mean,40,drop0.3,8,0.27354668535436855,0.9479220586730088,4800
mean,40,drop0.3,9,1.131813467367254,0.9697072795030711,4800
mean,80,drop0.3,0,5.115894600527543,0.9715878851687492,9600
mean,80,drop0.3,1,5.821052627506529,0.9705013298144582,9600
mean,80,drop0.3,2,5.972168736524461,0.9727948043021452,9600
mean,80,drop0.3,3,5.1750620330153305,0.9758432287330226,9600
mean,80,drop0.3,4,2.6089630662668077,0.963444908896055,9600
mean,80,drop0.3,5,3.5473870924206965,0.9685705482105709,9600
mean,80,drop0.3,6,8.079579380208386,0.981893526717963,9600
mean,80,drop0.3,7,3.757637271170002,0.9750700332542781,9600
mean,80,drop0.3,8,1.4127473969597437,0.9578646870316752,9600
mean,80,drop0.3,9,2.3258656369235,0.9668730106724944,9600
mean,160,drop0.3,0,7.545898299886076,0.9719801274283526,19200
mean,160,drop0.3,1,17.686428509669824,0.9782499411615606,19200
mean,160,drop0.3,2,9.83725621191827,0.9716059381910435,19200
mean,160,drop0.3,3,13.884708348771422,0.9779109325670461,19200
mean,160,drop0.3,4,13.757737080335502,0.977356018115002,19200
mean,160,drop0.3,5,6.2394281618529455,0.9681403014294161,19200
mean,160,drop0.3,6,11.442118291107443,0.9756679757863311,19200
mean,160,drop0.3,7,5.887129412159957,0.9684631347859503,19200
mean,160,drop0.3,8,5.67205302415903,0.9665155554743763,19200
mean,160,drop0.3,9,7.102748495885429,0.971667557448619,19200
oracle,10,drop0.3,0,1.9712186593239698e-14,0.5792923121120028,600
oracle,10,drop0.3,1,5.354358733893088e-14,0.55563096791442,600
oracle,10,drop0.3,2,4.966834639815704e-14,0.5857455542394213,600
oracle,10,drop0.3,3,1.513028095290056e-16,0.5236427118982478,600
oracle,10,drop0.3,4,3.818163361344335e-15,0.556715910606467,600
oracle,10,drop0.3,5,1.857845773913921e-14,0.5779532027160627,600
oracle,10,drop0.3,6,3.839706651413982e-15,0.5628468048274453,600
oracle,10,drop0.3,7,5.961161345437156e-15,0.5691690003613273,600
oracle,10,drop0.3,8,7.15007611452278e-14,0.5982086399460336,600
oracle,10,drop0.3,9,4.099520673629779e-15,0.5608195860203371,600
oracle,20,drop0.3,0,7.483593058178173e-15,0.5799122813077553,1200
oracle,20,drop0.3,1,6.765664849890579e-14,0.5642452331164358,1200
oracle,20,drop0.3,2,2.621737718801755e-12,0.6151952885412624,1200
oracle,20,drop0.3,3,5.0063445002232244e-14,0.5855385410521855,1200
oracle,20,drop0.3,4,4.276735492529679e-14,0.5734674516732378,1200
oracle,20,drop0.3,5,1.1786887472304173e-13,0.5835134486099104,1200
oracle,20,drop0.3,6,3.225309090175944e-14,0.5888363974878553,1200
oracle,20,drop0.3,7,2.324604012104454e-13,0.5827022255192575,1200
oracle,20,drop0.3,8,2.4457063280669116e-13,0.5899622160222603,1200
oracle,20,drop0.3,9,1.406882576417518e-13,0.5692349679363164,1200
oracle,40,drop0.3,0,3.045644873100377e-13,0.5870572781022464,2400
oracle,40,drop0.3,1,2.7334852257347006e-13,0.5741892264659605,2400
oracle,40,drop0.3,2,8.135950422988137e-13,0.5858020813942043,2400
oracle,40,drop0.3,3,3.288689588031254e-14,0.5611422285676453,2400
oracle,40,drop0.3,4,3.82661242570549e-13,0.5843728719752155,2400
oracle,40,drop0.3,5,1.6419939883958299e-13,0.576557131232039,2400
oracle,40,drop0.3,6,1.132287378893092e-12,0.6011079420206176,2400
oracle,40,drop0.3,7,4.158264214321058e-14,0.5743669919010324,2400
oracle,40,drop0.3,8,5.666238200049372e-13,0.582600781792255,2400
oracle,40,drop0.3,9,6.642467259568071e-14,0.5594429553489975,2400
oracle,80,drop0.3,0,4.544414898872951e-13,0.5704850670924085,4800
oracle,80,drop0.3,1,2.3907932446416583e-13,0.5701636352462981,4800
oracle,80,drop0.3,2,6.210220192946652e-13,0.5812627186063101,4800
oracle,80,drop0.3,3,1.1390079152396908e-13,0.558993323549335,4800
oracle,80,drop0.3,4,2.769877556885523e-12,0.5981230449498558,4800
oracle,80,drop0.3,5,2.3263297257849367e-13,0.5687576257132221,4800
oracle,80,drop0.3,6,7.192615002409454e-13,0.582005026442699,4800
oracle,80,drop0.3,7,1.2670070985851727e-13,0.5729101554942345,4800
oracle,80,drop0.3,8,2.202652580236337e-13,0.5761583803824417,4800
oracle,80,drop0.3,9,3.858627958318923e-13,0.5781105242530449,4800
oracle,160,drop0.3,0,1.7386007537371902e-12,0.5833456211158432,9600
oracle,160,drop0.3,1,8.941788483992364e-12,0.6017021398324441,9600
oracle,160,drop0.3,2,1.5577681357419674e-12,0.5795009982066879,9600
oracle,160,drop0.3,3,2.1628055291391724e-11,0.5905590991553358,9600
oracle,160,drop0.3,4,1.86545770914087e-12,0.5882764519894921,9600
oracle,160,drop0.3,5,5.433592833358689e-13,0.572172507144785,9600
oracle,160,drop0.3,6,1.2490674334808225e-12,0.5849615134948974,9600
oracle,160,drop0.3,7,6.429681127605962e-13,0.5779274598425246,9600
oracle,160,drop0.3,8,6.896032975520004e-13,0.5787545910951711,9600
oracle,160,drop0.3,9,9.358652673879648e-13,0.57872660823836,9600
hybrid,10,drop0.3,0,3.697326788480833e-05,0.8061820162392521,1200
hybrid,10,drop0.3,1,5.190668043387755e-06,0.7902061153060346,1200
hybrid,10,drop0.3,2,5.916514053057871e-06,0.8033407872662853,1200
hybrid,10,drop0.3,3,7.733449405800514e-06,0.8147371303767419,1200
hybrid,10,drop0.3,4,3.2209364354950696e-08,0.733048195566451,1200
hybrid,10,drop0.3,5,5.550145383257771e-06,0.7972387339371597,1200
hybrid,10,drop0.3,6,2.308933561486272e-06,0.8095006643859406,1200
hybrid,10,drop0.3,7,1.7814353561424565e-06,0.7884818822529343,1200
hybrid,10,drop0.3,8,4.147365759913201e-06,0.8058657050880836,1200
hybrid,10,drop0.3,9,7.067742465337266e-06,0.8021608658969432,1200
hybrid,20,drop0.3,0,3.39131094841226e-05,0.8189990214865023,2640
hybrid,20,drop0.3,1,6.029111633201961e-05,0.8230413735249843,2640
hybrid,20,drop0.3,2,4.9785273949370714e-05,0.8242781679840236,2640
hybrid,20,drop0.3,3,5.403573119600448e-05,0.8330144240760802,2640
hybrid,20,drop0.3,4,4.4024690313939573e-05,0.8192050830797016,2640
hybrid,20,drop0.3,5,2.7620487687414713e-05,0.8295699179245056,2640
hybrid,20,drop0.3,6,0.00014627762531918068,0.8323327662926581,2640
hybrid,20,drop0.3,7,0.0001070215012739524,0.8312144805774239,2640
hybrid,20,drop0.3,8,2.546721548543477e-05,0.8228495237991563,2640
hybrid,20,drop0.3,9,0.00010245440809641387,0.8157002758339096,2640
hybrid,40,drop0.3,0,0.00017029142002742944,0.8234111854033532,5880
hybrid,40,drop0.3,1,0.00019305697590358013,0.8276865354888905,5880
hybrid,40,drop0.3,2,0.00014153852621536742,0.8211275203803762,5880
hybrid,40,drop0.3,3,6.919370638341153e-05,0.820251545937588,5880
hybrid,40,drop0.3,4,6.586361808259502e-05,0.8227481507064544,5880
hybrid,40,drop0.3,5,0.00014843750298694923,0.8304223772806401,5880
hybrid,40,drop0.3,6,0.0003712615564702567,0.8333033162787735,5880
hybrid,40,drop0.3,7,4.473498545789329e-05,0.8135994786240424,5880
hybrid,40,drop0.3,8,5.6782547435892664e-05,0.8179454880408448,5880
hybrid,40,drop0.3,9,3.0276828052458917e-05,0.810516943266749,5880
hybrid,80,drop0.3,0,0.00021592037790867994,0.8169567864285316,12840
hybrid,80,drop0.3,1,0.00046767846041628275,0.8273887628027081,12840
hybrid,80,drop0.3,2,0.00034789670210385345,0.8189216742799752,12840
hybrid,80,drop0.3,3,0.00013989982762576645,0.8126203646225422,12840
hybrid,80,drop0.3,4,0.0001331083034667206,0.8135903224959089,12840
hybrid,80,drop0.3,5,0.00018524491419521353,0.8156159689972464,12840
hybrid,80,drop0.3,6,0.00013033907830235417,0.813287792425996,12840
hybrid,80,drop0.3,7,0.00010676223096677105,0.8150751600548531,12840
hybrid,80,drop0.3,8,0.00023486384153144712,0.8221610573430284,12840
hybrid,80,drop0.3,9,0.00035236824552909194,0.8194982130172788,12840
hybrid,160,drop0.3,0,0.00048266189092028146,0.8174284990614322,27000
hybrid,160,drop0.3,1,0.0007889158831154582,0.8224036729491127,27000
hybrid,160,drop0.3,2,0.0005331887779442499,0.817477219108997,27000
hybrid,160,drop0.3,3,0.0007105356815978294,0.8221322423513259,27000
hybrid,160,drop0.3,4,0.00026990274034352594,0.812074408541673,27000
hybrid,160,drop0.3,5,0.0004109862220796617,0.8159586575516609,27000
hybrid,160,drop0.3,6,0.000361529035469317,0.8183054128742324,27000
hybrid,160,drop0.3,7,0.000541000695171697,0.8195052724442465,27000
hybrid,160,drop0.3,8,0.0003721882993800562,0.8164084355405116,27000
hybrid,160,drop0.3,9,0.0007672216101445847,0.8214002887705796,27000
gnn,10,drop0.3,0,0.003968460263118211,0.8982722384326107,1200
gnn,10,drop0.3,1,0.023155159586440124,0.8944446560894989,1200
gnn,10,drop0.3,2,0.002478805985727297,0.8952664962121474,1200
gnn,10,drop0.3,3,0.001339195496107847,0.8907256860889953,1200
gnn,10,drop0.3,4,0.001581611502264471,0.8994913025584136,1200
gnn,10,drop0.3,5,0.005622292315251555,0.9108918655315967,1200
gnn,10,drop0.3,6,0.0012072838841637517,0.9032054601249253,1200
gnn,10,drop0.3,7,0.0028683702144247595,0.8974300590090913,1200
gnn,10,drop0.3,8,0.012604804205478744,0.9096728291411431,1200
gnn,10,drop0.3,9,0.0049288071847369,0.8998079294086886,1200
gnn,20,drop0.3,0,0.45699789237402044,0.9510814628488597,2400
gnn,20,drop0.3,1,0.02877416642565783,0.8948571223412471,2400
gnn,20,drop0.3,2,0.9251913439638194,0.9571771632912947,2400
gnn,20,drop0.3,3,0.45685604164841875,0.9661814373563468,2400
gnn,20,drop0.3,4,0.1998920106162184,0.9446410483169017,2400
gnn,20,drop0.3,5,0.4490793946288436,0.967479336400068,2400
gnn,20,drop0.3,6,0.7215750618855143,0.9564258835950203,2400
gnn,20,drop0.3,7,0.6102758400868057,0.9685262399472937,2400
gnn,20,drop0.3,8,0.11923451776471715,0.9347570711414285,2400
gnn,20,drop0.3,9,0.19385019390891434,0.9488227768963422,2400
gnn,40,drop0.3,0,3.0184912765117096,0.9724198289108141,4800
gnn,40,drop0.3,1,0.29744519279066384,0.9232872381002314,4800
gnn,40,drop0.3,2,4.023414756540149,0.9757455493082731,4800
gnn,40,drop0.3,3,2.480434115539382,0.9706743474784273,4800
gnn,40,drop0.3,4,1.830362644168384,0.9662351085791421,4800
gnn,40,drop0.3,5,0.34890308879317444,0.9461110984717384,4800
gnn,40,drop0.3,6,1.5990433523251095,0.9630357573294386,4800
gnn,40,drop0.3,7,3.2276306039989624,0.9796507328490162,4800
gnn,40,drop0.3,8,0.53186413611206,0.9491372004732064,4800
gnn,40,drop0.3,9,1.0793499676012597,0.9640754398078656,4800
gnn,80,drop0.3,0,6.731077453001959,0.9706117846359333,9600
gnn,80,drop0.3,1,6.907830345318469,0.9675219631225349,9600
gnn,80,drop0.3,2,7.9208784157935455,0.9710751646001106,9600
gnn,80,drop0.3,3,6.661025785082549,0.9746516295555998,9600
gnn,80,drop0.3,4,2.9074389873841104,0.9611627972177443,9600
gnn,80,drop0.3,5,3.6513510998817593,0.9656350162049762,9600
gnn,80,drop0.3,6,9.644813963762871,0.98044389166107,9600
gnn,80,drop0.3,7,4.387021234538469,0.9738082606301454,9600
gnn,80,drop0.3,8,1.6738967303178793,0.955761008796274,9600
gnn,80,drop0.3,9,2.772066797629617,0.9649852924800886,9600
gnn,160,drop0.3,0,9.413158544154797,0.9688074195984434,19200
gnn,160,drop0.3,1,20.34322236611474,0.9747418898058495,19200
gnn,160,drop0.3,2,13.719334880936493,0.9704667750557748,19200
gnn,160,drop0.3,3,17.325285144177876,0.9776582438507129,19200
gnn,160,drop0.3,4,16.667254190818063,0.9762898302034395,19200
gnn,160,drop0.3,5,8.872590266194344,0.9693594246471564,19200
gnn,160,drop0.3,6,14.735834748190353,0.975413551752355,19200
gnn,160,drop0.3,7,7.400348073291436,0.963028030387106,19200
gnn,160,drop0.3,8,7.628931055965518,0.9663032772637645,19200
gnn,160,drop0.3,9,8.022072691567708,0.9682751433491228,19200
