benchmark,n_agents,steps,return,final_disagreement,comm_mse,comm_zero_frac,comm_age_mean,comm_age_peak,sent_msgs,delivered_real_msgs,delivery_rate,loss_rate,delivered_bits,bits_per_delivered,status_none,status_delivered,status_replayed,status_spoofed,status_dropped,status_jammed,status_partitioned,status_stale,lyap_rho,lyap_rho_r2,lyap_monotone_frac,lyap_ultimate_bound,lyap_mean_drift,time_to_eps,converged,nominal_lambda2,eff_lambda2
consensus,10,60,-0.0002519900004728194,0.0002519900004728194,0.0,0.30333333333333334,0.0,0.0,1200.0,836.0,0.6966666666666667,0.30333333333333334,26752.0,32.0,0.0,836.0,0.0,0.0,364.0,0.0,0.0,0.0,0.8667469744113977,0.9720778796661905,0.9333333333333333,0.0006422515624632053,-0.22755510928416392,13.0,1.0,0.3819660112501043,0.17773723927189827
consensus,10,60,-0.0015167132449280178,0.0015167132449280178,0.0,0.29583333333333334,0.0,0.0,1200.0,845.0,0.7041666666666667,0.2958333333333333,27040.0,32.0,0.0,845.0,0.0,0.0,355.0,0.0,0.0,0.0,0.8698992194628642,0.9924516725950705,0.9666666666666667,0.003370554509623537,-0.2777807175125588,25.0,1.0,0.3819660112501043,0.2048330894787334
consensus,10,60,-0.0005115516929401636,0.0005115516929401636,0.0,0.30916666666666665,0.0,0.0,1200.0,829.0,0.6908333333333333,0.3091666666666667,26528.0,32.0,0.0,829.0,0.0,0.0,371.0,0.0,0.0,0.0,0.872866808159373,0.9844802368931558,0.95,0.001164241507338992,-0.13020326451456365,23.0,1.0,0.3819660112501043,0.20777659311276767
consensus,10,60,-0.00010868733384542183,0.00010868733384542183,0.0,0.28583333333333333,0.0,0.0,1200.0,857.0,0.7141666666666666,0.2858333333333334,27424.0,32.0,0.0,857.0,0.0,0.0,343.0,0.0,0.0,0.0,0.857016782541852,0.980436748308731,0.9833333333333333,0.0002507320909632413,-0.07496951785764834,17.0,1.0,0.3819660112501043,0.2221402429445994
consensus,10,60,-0.0002639500888103216,0.0002639500888103216,0.0,0.3075,0.0,0.0,1200.0,831.0,0.6925,0.3075,26592.0,32.0,0.0,831.0,0.0,0.0,369.0,0.0,0.0,0.0,0.8805455312675001,0.9627506343241471,0.95,0.0005818772485929174,-0.1191862729371924,14.0,1.0,0.3819660112501043,0.1726831932616025
consensus,10,60,-0.0010046429877310112,0.0010046429877310112,0.0,0.3025,0.0,0.0,1200.0,837.0,0.6975,0.3025,26784.0,32.0,0.0,837.0,0.0,0.0,363.0,0.0,0.0,0.0,0.8866704829902075,0.9957711849315638,0.95,0.0025657316150052493,-0.05118699497052599,35.0,1.0,0.3819660112501043,0.1601106905264101
consensus,10,60,-0.00024283364119400297,0.00024283364119400297,0.0,0.2975,0.0,0.0,1200.0,843.0,0.7025,0.2975,26976.0,32.0,0.0,843.0,0.0,0.0,357.0,0.0,0.0,0.0,0.8811673073971387,0.9595698652870993,0.9333333333333333,0.000454075043405388,-0.05141238994642263,16.0,1.0,0.3819660112501043,0.19210088910373002
consensus,10,60,-0.000303571864391839,0.000303571864391839,0.0,0.2941666666666667,0.0,0.0,1200.0,847.0,0.7058333333333333,0.2941666666666667,27104.0,32.0,0.0,847.0,0.0,0.0,353.0,0.0,0.0,0.0,0.8680368533834358,0.9931908575993803,0.9666666666666667,0.0005791326630526347,-0.06692962653297878,26.0,1.0,0.3819660112501043,0.17300258854122472
consensus,10,60,-0.0019545043631565753,0.0019545043631565753,0.0,0.3258333333333333,0.0,0.0,1200.0,809.0,0.6741666666666667,0.3258333333333333,25888.0,32.0,0.0,809.0,0.0,0.0,391.0,0.0,0.0,0.0,0.8835448352282795,0.9935614357281204,0.9833333333333333,0.004786439753929401,-0.10378538092627729,30.0,1.0,0.3819660112501043,0.1426438394207331
consensus,10,60,-0.0007626048707475509,0.0007626048707475509,0.0,0.30916666666666665,0.0,0.0,1200.0,829.0,0.6908333333333333,0.3091666666666667,26528.0,32.0,0.0,829.0,0.0,0.0,371.0,0.0,0.0,0.0,0.8780530982772133,0.9786752044587893,0.9833333333333333,0.0017639684869969823,-0.17559889654307134,19.0,1.0,0.3819660112501043,0.16500503889689483
consensus,20,60,-0.3762760225792794,0.3762760225792794,0.0,0.29375,0.0,0.0,2400.0,1695.0,0.70625,0.29374999999999996,54240.0,32.0,0.0,1695.0,0.0,0.0,705.0,0.0,0.0,0.0,0.9508189972713655,0.8823322470352377,0.9166666666666666,0.43881387456631354,-0.371371644172222,,0.0,0.09788696740969219,0.022880712917541863
consensus,20,60,-0.015919677836939167,0.015919677836939167,0.0,0.3016666666666667,0.0,0.0,2400.0,1676.0,0.6983333333333334,0.30166666666666664,53632.0,32.0,0.0,1676.0,0.0,0.0,724.0,0.0,0.0,0.0,0.906992991778795,0.8527345735339749,0.9666666666666667,0.018103847169933015,-0.4563940033896652,16.0,1.0,0.09788696740969219,0.020859085074858525
consensus,20,60,-0.5349816484304474,0.5349816484304474,0.0,0.31166666666666665,0.0,0.0,2400.0,1652.0,0.6883333333333334,0.31166666666666665,52864.0,32.0,0.0,1652.0,0.0,0.0,748.0,0.0,0.0,0.0,0.9539209131475843,0.8791960546640725,0.9333333333333333,0.6425771818084587,-0.32628102157348043,,0.0,0.09788696740969219,0.023311311825344145
consensus,20,60,-0.28528673863297305,0.28528673863297305,0.0,0.29041666666666666,0.0,0.0,2400.0,1703.0,0.7095833333333333,0.29041666666666666,54496.0,32.0,0.0,1703.0,0.0,0.0,697.0,0.0,0.0,0.0,0.9621269684519692,0.9261879572968065,0.9,0.33244756494092115,-0.12178973715763777,,0.0,0.09788696740969219,0.03512163640899671
consensus,20,60,-0.09343044507348187,0.09343044507348187,0.0,0.2975,0.0,0.0,2400.0,1686.0,0.7025,0.2975,53952.0,32.0,0.0,1686.0,0.0,0.0,714.0,0.0,0.0,0.0,0.9409657694374108,0.8813641430915924,0.9166666666666666,0.11143599801086122,-0.25800458582911673,46.0,1.0,0.09788696740969219,0.019617814003885466
consensus,20,60,-0.28191180833710267,0.28191180833710267,0.0,0.29583333333333334,0.0,0.0,2400.0,1690.0,0.7041666666666667,0.2958333333333333,54080.0,32.0,0.0,1690.0,0.0,0.0,710.0,0.0,0.0,0.0,0.9621143277020212,0.9160309280109405,0.95,0.3216180420067495,-0.1314829416880773,,0.0,0.09788696740969219,0.024512162374370098
consensus,20,60,-0.36765540514653067,0.36765540514653067,0.0,0.2970833333333333,0.0,0.0,2400.0,1687.0,0.7029166666666666,0.29708333333333337,53984.0,32.0,0.0,1687.0,0.0,0.0,713.0,0.0,0.0,0.0,0.9510837068547473,0.9263369559471617,0.8666666666666667,0.42479268444417134,-0.28461975038515674,,0.0,0.09788696740969219,0.022890818048028717
consensus,20,60,-0.4427610311281629,0.4427610311281629,0.0,0.2991666666666667,0.0,0.0,2400.0,1682.0,0.7008333333333333,0.2991666666666667,53824.0,32.0,0.0,1682.0,0.0,0.0,718.0,0.0,0.0,0.0,0.9652056502480301,0.9194816654645329,0.8333333333333334,0.4981322073811441,-0.18157642698398932,,0.0,0.09788696740969219,0.019638024264859003
consensus,20,60,-0.05459415661252717,0.05459415661252717,0.0,0.31416666666666665,0.0,0.0,2400.0,1646.0,0.6858333333333333,0.3141666666666667,52672.0,32.0,0.0,1646.0,0.0,0.0,754.0,0.0,0.0,0.0,0.927798702802231,0.8219117255553039,0.9166666666666666,0.0642392995010866,-0.3713666340698469,25.0,1.0,0.09788696740969219,0.014323182117058861
consensus,20,60,-0.22735654142531006,0.22735654142531006,0.0,0.3025,0.0,0.0,2400.0,1674.0,0.6975,0.3025,53568.0,32.0,0.0,1674.0,0.0,0.0,726.0,0.0,0.0,0.0,0.9549012260579111,0.7846081943430864,0.95,0.2752573379766831,-0.45305109060209303,55.0,1.0,0.09788696740969219,0.01839675319388602
consensus,40,60,-1.9657342754464964,1.9657342754464964,0.0,0.295,0.0,0.0,4800.0,3384.0,0.705,0.29500000000000004,108288.0,32.0,0.0,3384.0,0.0,0.0,1416.0,0.0,0.0,0.0,0.9695528395770259,0.7543263482975959,0.9,2.146516289195112,-0.7250071814344234,,0.0,0.02462331880972404,0.0012324329846610796
consensus,40,60,-0.20035602237335137,0.20035602237335137,0.0,0.30291666666666667,0.0,0.0,4800.0,3346.0,0.6970833333333334,0.3029166666666666,107072.0,32.0,0.0,3346.0,0.0,0.0,1454.0,0.0,0.0,0.0,0.9262639345557689,0.9116074824418896,0.9833333333333333,0.22492696845409146,-0.8184345011754673,34.0,1.0,0.02462331880972404,0.000821410815744923
consensus,40,60,-2.398888541043843,2.398888541043843,0.0,0.30270833333333336,0.0,0.0,4800.0,3347.0,0.6972916666666666,0.30270833333333336,107104.0,32.0,0.0,3347.0,0.0,0.0,1453.0,0.0,0.0,0.0,0.9729221367295634,0.7388546451888565,0.8833333333333333,2.614069212185363,-0.6580047549242446,,0.0,0.02462331880972404,0.0015400660892608078
consensus,40,60,-1.1570444066722576,1.1570444066722576,0.0,0.288125,0.0,0.0,4800.0,3417.0,0.711875,0.28812499999999996,109344.0,32.0,0.0,3417.0,0.0,0.0,1383.0,0.0,0.0,0.0,0.964100193188338,0.8100817576039571,0.8333333333333334,1.2638739693544678,-0.5614378328733791,,0.0,0.02462331880972404,0.0011296774424322475
consensus,40,60,-1.6279483183343357,1.6279483183343357,0.0,0.29875,0.0,0.0,4800.0,3366.0,0.70125,0.29874999999999996,107712.0,32.0,0.0,3366.0,0.0,0.0,1434.0,0.0,0.0,0.0,0.9674069089372495,0.8454174400739909,0.95,1.7733161026330622,-0.46766925623739214,,0.0,0.02462331880972404,0.0007192887956033368
consensus,40,60,-0.27519569147523837,0.27519569147523837,0.0,0.30145833333333333,0.0,0.0,4800.0,3353.0,0.6985416666666666,0.3014583333333334,107296.0,32.0,0.0,3353.0,0.0,0.0,1447.0,0.0,0.0,0.0,0.9472792326972577,0.8841447251080001,0.9666666666666667,0.3246156982216159,-0.44025938940102743,,0.0,0.02462331880972404,0.0009241663579740393
consensus,40,60,-0.9360660125468218,0.9360660125468218,0.0,0.29625,0.0,0.0,4800.0,3378.0,0.70375,0.29625,108096.0,32.0,0.0,3378.0,0.0,0.0,1422.0,0.0,0.0,0.0,0.9595574565629689,0.8963357481041143,1.0,1.0904760309326778,-0.535775015983791,,0.0,0.02462331880972404,0.0012324329846611904
consensus,40,60,-2.8024265079609414,2.8024265079609414,0.0,0.30104166666666665,0.0,0.0,4800.0,3355.0,0.6989583333333333,0.30104166666666665,107360.0,32.0,0.0,3355.0,0.0,0.0,1445.0,0.0,0.0,0.0,0.9789228732258896,0.7383447626236598,0.8166666666666667,2.948380524678246,-0.3826690490138614,,0.0,0.02462331880972404,0.0007186552735159076
consensus,40,60,-0.27354668535436855,0.27354668535436855,0.0,0.314375,0.0,0.0,4800.0,3291.0,0.685625,0.31437499999999996,105312.0,32.0,0.0,3291.0,0.0,0.0,1509.0,0.0,0.0,0.0,0.9479220586730088,0.766972730247084,0.9333333333333333,0.3176813102100751,-0.6309596208045711,48.0,1.0,0.02462331880972404,0.0008214108157448767
consensus,40,60,-1.131813467367254,1.131813467367254,0.0,0.2964583333333333,0.0,0.0,4800.0,3377.0,0.7035416666666666,0.2964583333333334,108064.0,32.0,0.0,3377.0,0.0,0.0,1423.0,0.0,0.0,0.0,0.9697072795030711,0.6093015856527021,0.8166666666666667,1.1907738120880673,-0.6066399090572343,,0.0,0.02462331880972404,0.0016428216314898327
consensus,80,60,-5.115894600527543,5.115894600527543,0.0,0.30145833333333333,0.0,0.0,9600.0,6706.0,0.6985416666666666,0.3014583333333334,214592.0,32.0,0.0,6706.0,0.0,0.0,2894.0,0.0,0.0,0.0,0.9715878851687492,0.7708940950967258,0.95,5.3029582579812,-1.2747522759174024,,0.0,0.006165332533743707,-5.008233009371131e-16
consensus,80,60,-5.821052627506529,5.821052627506529,0.0,0.303125,0.0,0.0,9600.0,6690.0,0.696875,0.303125,214080.0,32.0,0.0,6690.0,0.0,0.0,2910.0,0.0,0.0,0.0,0.9705013298144582,0.7783065434024468,0.9333333333333333,6.203238546332691,-1.591209519213536,,0.0,0.006165332533743707,-5.2463364981931145e-16
consensus,80,60,-5.972168736524461,5.972168736524461,0.0,0.3044791666666667,0.0,0.0,9600.0,6677.0,0.6955208333333334,0.30447916666666663,213664.0,32.0,0.0,6677.0,0.0,0.0,2923.0,0.0,0.0,0.0,0.9727948043021452,0.7673666379631925,0.9666666666666667,6.305863479990953,-1.4646494230507807,,0.0,0.006165332533743707,2.5698791975505562e-05
consensus,80,60,-5.1750620330153305,5.1750620330153305,0.0,0.295,0.0,0.0,9600.0,6768.0,0.705,0.29500000000000004,216576.0,32.0,0.0,6768.0,0.0,0.0,2832.0,0.0,0.0,0.0,0.9758432287330226,0.6734390853845494,0.9,5.3975812081336985,-1.2857027981284541,,0.0,0.006165332533743707,-4.168927843758697e-16
consensus,80,60,-2.6089630662668077,2.6089630662668077,0.0,0.3003125,0.0,0.0,9600.0,6717.0,0.6996875,0.3003125,214944.0,32.0,0.0,6717.0,0.0,0.0,2883.0,0.0,0.0,0.0,0.963444908896055,0.8454652559724198,0.9833333333333333,2.773183875963589,-0.9909706078115904,,0.0,0.006165332533743707,-3.8431123932848383e-16
consensus,80,60,-3.5473870924206965,3.5473870924206965,0.0,0.298125,0.0,0.0,9600.0,6738.0,0.701875,0.298125,215616.0,32.0,0.0,6738.0,0.0,0.0,2862.0,0.0,0.0,0.0,0.9685705482105709,0.8572771442980902,0.9833333333333333,3.822013146733284,-1.0887939591815317,,0.0,0.006165332533743707,-4.732228703709577e-16
consensus,80,60,-8.079579380208386,8.079579380208386,0.0,0.2939583333333333,0.0,0.0,9600.0,6778.0,0.7060416666666667,0.2939583333333333,216896.0,32.0,0.0,6778.0,0.0,0.0,2822.0,0.0,0.0,0.0,0.981893526717963,0.6489498450519124,0.9666666666666667,8.450829464455087,-1.172008566242231,,0.0,0.006165332533743707,-3.2759352238854393e-16
consensus,80,60,-3.757637271170002,3.757637271170002,0.0,0.29802083333333335,0.0,0.0,9600.0,6739.0,0.7019791666666667,0.2980208333333333,215648.0,32.0,0.0,6739.0,0.0,0.0,2861.0,0.0,0.0,0.0,0.9750700332542781,0.7296625179339995,0.9166666666666666,3.90797977754723,-0.8645608658146267,,0.0,0.006165332533743707,-5.243287383580823e-16
consensus,80,60,-1.4127473969597437,1.4127473969597437,0.0,0.3076041666666667,0.0,0.0,9600.0,6647.0,0.6923958333333333,0.3076041666666667,212704.0,32.0,0.0,6647.0,0.0,0.0,2953.0,0.0,0.0,0.0,0.9578646870316752,0.8061801170170908,0.9666666666666667,1.5225937028560603,-1.037129536344467,,0.0,0.006165332533743707,-4.1100555815119413e-16
consensus,80,60,-2.3258656369235,2.3258656369235,0.0,0.295,0.0,0.0,9600.0,6768.0,0.705,0.29500000000000004,216576.0,32.0,0.0,6768.0,0.0,0.0,2832.0,0.0,0.0,0.0,0.9668730106724944,0.7499403099996411,0.9666666666666667,2.483583832802619,-1.1123186969796206,,0.0,0.006165332533743707,5.139758395138039e-05
consensus,160,60,-7.545898299886076,7.545898299886076,0.0,0.29791666666666666,0.0,0.0,19200.0,13480.0,0.7020833333333333,0.2979166666666667,431360.0,32.0,0.0,13480.0,0.0,0.0,5720.0,0.0,0.0,0.0,0.9719801274283526,0.7299567089259422,0.9666666666666667,7.961605566190712,-2.3688970012963364,,0.0,0.0015419275185534988,-8.227336184877413e-16
consensus,160,60,-17.686428509669824,17.686428509669824,0.0,0.30322916666666666,0.0,0.0,19200.0,13378.0,0.6967708333333333,0.30322916666666666,428096.0,32.0,0.0,13378.0,0.0,0.0,5822.0,0.0,0.0,0.0,0.9782499411615606,0.6975745215157816,0.9833333333333333,18.588673183814837,-2.907713647422358,,0.0,0.0015419275185534988,-9.42906887034436e-16
consensus,160,60,-9.83725621191827,9.83725621191827,0.0,0.30125,0.0,0.0,19200.0,13416.0,0.69875,0.30125,429312.0,32.0,0.0,13416.0,0.0,0.0,5784.0,0.0,0.0,0.0,0.9716059381910435,0.7047374912624718,0.9833333333333333,10.251954920105012,-2.9700349086340476,,0.0,0.0015419275185534988,-7.873912507741877e-16
consensus,160,60,-13.884708348771422,13.884708348771422,0.0,0.29770833333333335,0.0,0.0,19200.0,13484.0,0.7022916666666666,0.29770833333333335,431488.0,32.0,0.0,13484.0,0.0,0.0,5716.0,0.0,0.0,0.0,0.9779109325670461,0.7292394661517876,0.9666666666666667,14.55197330968411,-2.551605228188268,,0.0,0.0015419275185534988,-7.517868154414003e-16
consensus,160,60,-13.757737080335502,13.757737080335502,0.0,0.29885416666666664,0.0,0.0,19200.0,13462.0,0.7011458333333334,0.29885416666666664,430784.0,32.0,0.0,13462.0,0.0,0.0,5738.0,0.0,0.0,0.0,0.977356018115002,0.7577922848044405,0.9666666666666667,14.372181093406923,-2.377033458455545,,0.0,0.0015419275185534988,-7.605299349704804e-16
consensus,160,60,-6.2394281618529455,6.2394281618529455,0.0,0.29901041666666667,0.0,0.0,19200.0,13459.0,0.7009895833333334,0.2990104166666666,430688.0,32.0,0.0,13459.0,0.0,0.0,5741.0,0.0,0.0,0.0,0.9681403014294161,0.8230098940751389,1.0,6.878036993752976,-2.345031302494823,,0.0,0.0015419275185534988,-8.112508536281393e-16
consensus,160,60,-11.442118291107443,11.442118291107443,0.0,0.2955729166666667,0.0,0.0,19200.0,13525.0,0.7044270833333334,0.29557291666666663,432800.0,32.0,0.0,13525.0,0.0,0.0,5675.0,0.0,0.0,0.0,0.9756679757863311,0.7571667552204273,0.9666666666666667,12.10422456482771,-2.379486451548949,,0.0,0.0015419275185534988,-6.970652139258577e-16
consensus,160,60,-5.887129412159957,5.887129412159957,0.0,0.2983854166666667,0.0,0.0,19200.0,13471.0,0.7016145833333334,0.2983854166666666,431072.0,32.0,0.0,13471.0,0.0,0.0,5729.0,0.0,0.0,0.0,0.9684631347859503,0.7185925895989795,0.9833333333333333,6.22344589667395,-2.3190094649798834,,0.0,0.0015419275185534988,-8.281784191520842e-16
consensus,160,60,-5.67205302415903,5.67205302415903,0.0,0.30526041666666665,0.0,0.0,19200.0,13339.0,0.6947395833333333,0.3052604166666667,426848.0,32.0,0.0,13339.0,0.0,0.0,5861.0,0.0,0.0,0.0,0.9665155554743763,0.7854659921428858,1.0,6.116197678921815,-2.2425381703563945,,0.0,0.0015419275185534988,-7.840982799535251e-16
consensus,160,60,-7.102748495885429,7.102748495885429,0.0,0.29630208333333335,0.0,0.0,19200.0,13511.0,0.7036979166666667,0.2963020833333333,432352.0,32.0,0.0,13511.0,0.0,0.0,5689.0,0.0,0.0,0.0,0.971667557448619,0.7079900594580695,0.9333333333333333,7.495064147304447,-2.4444382993218823,,0.0,0.0015419275185534988,-9.391175080810761e-16
