benchmark,n_agents,steps,return,final_disagreement,consensus_error,comm_mse,comm_zero_frac,comm_age_mean,comm_age_peak,sent_msgs,delivered_real_msgs,delivery_rate,loss_rate,delivered_bits,bits_per_delivered,status_none,status_delivered,status_replayed,status_spoofed,status_dropped,status_jammed,status_partitioned,status_stale,lyap_rho,lyap_rho_r2,lyap_monotone_frac,lyap_ultimate_bound,lyap_mean_drift,time_to_eps,converged,nominal_lambda2,eff_lambda2
consensus,10,60,-2.2899270298599215e-09,2.2899270298599215e-09,0.0009251933989878391,0.0,0.0,0.0,0.0,1800.0,1800.0,1.0,0.0,57600.0,32.0,0.0,1800.0,0.0,0.0,0.0,0.0,0.0,0.0,0.7289270766231786,0.9895105197779709,1.0,1.9325511148243567e-08,-0.12103822929909812,5.0,1.0,1.010288261559264,1.0102882615592643
consensus,10,60,-1.4315131897689846e-10,1.4315131897689846e-10,0.0005681035337937117,0.0,0.0,0.0,0.0,2040.0,2040.0,1.0,0.0,65280.0,32.0,0.0,2040.0,0.0,0.0,0.0,0.0,0.0,0.0,0.6810538150039058,0.9879702453317099,1.0,1.600168152984831e-09,-0.17323229490294184,6.0,1.0,1.1943146514425098,1.19431465144251
consensus,10,60,-1.6130614797269135e-07,1.6130614797269135e-07,0.005716551769361384,0.0,0.0,0.0,0.0,1560.0,1560.0,1.0,0.0,49920.0,32.0,0.0,1560.0,0.0,0.0,0.0,0.0,0.0,0.0,0.744118048143465,0.9950947402260931,1.0,6.665470683626974e-07,-0.14714455528796702,13.0,1.0,0.5454925761832207,0.5454925761832207
consensus,10,60,-1.0054534002227794e-10,1.0054534002227794e-10,0.008450441175812114,0.0,0.0,0.0,0.0,2400.0,2400.0,1.0,0.0,76800.0,32.0,0.0,2400.0,0.0,0.0,0.0,0.0,0.0,0.0,0.6656922314326061,0.9984724786405177,1.0,1.895817012187034e-09,-0.16160165748069444,9.0,1.0,1.8044311159988962,1.8044311159988962
consensus,10,60,-0.0008590672622799827,0.0008590672622799827,0.00015115255479645004,0.0,0.0,0.0,0.0,1800.0,1800.0,1.0,0.0,57600.0,32.0,0.0,1800.0,0.0,0.0,0.0,0.0,0.0,0.0,0.8723789281040234,0.9946606682961465,1.0,0.001970738097188172,-0.1496774037110339,25.0,1.0,0.5130598855926265,0.5130598855926264
consensus,10,60,-4.755161665356844e-08,4.755161665356844e-08,0.0001282972806227574,0.0,0.0,0.0,0.0,1560.0,1560.0,1.0,0.0,49920.0,32.0,0.0,1560.0,0.0,0.0,0.0,0.0,0.0,0.0,0.7738216459729776,0.9117251565728572,1.0,1.3164650723572067e-07,-0.15510779593509344,4.0,1.0,0.46865162149224304,0.46865162149224293
consensus,10,60,-2.8071713752477183e-07,2.8071713752477183e-07,0.012681837544457165,0.0,0.0,0.0,0.0,1680.0,1680.0,1.0,0.0,53760.0,32.0,0.0,1680.0,0.0,0.0,0.0,0.0,0.0,0.0,0.7670879647346788,0.996938934786409,1.0,1.6654438439062925e-06,-0.15692332443186155,11.0,1.0,0.7777102354316305,0.7777102354316303
consensus,10,60,-2.4718341615399504e-11,2.4718341615399504e-11,0.0014202207842689218,0.0,0.0,0.0,0.0,2640.0,2640.0,1.0,0.0,84480.0,32.0,0.0,2640.0,0.0,0.0,0.0,0.0,0.0,0.0,0.6697672872953622,0.9964670495722788,1.0,4.289684834551712e-10,-0.06451797519426639,7.0,1.0,1.8569568412967903,1.8569568412967905
consensus,10,60,-4.4167490853329824e-05,4.4167490853329824e-05,0.01454057505726605,0.0,0.0,0.0,0.0,1800.0,1800.0,1.0,0.0,57600.0,32.0,0.0,1800.0,0.0,0.0,0.0,0.0,0.0,0.0,0.8315945861649605,0.9955642330422856,1.0,0.000142852676727629,-0.1825964709452568,17.0,1.0,0.6385312338141741,0.6385312338141743
consensus,10,60,-3.193045104566187e-08,3.193045104566187e-08,0.0061463985992578464,0.0,0.0,0.0,0.0,1800.0,1800.0,1.0,0.0,57600.0,32.0,0.0,1800.0,0.0,0.0,0.0,0.0,0.0,0.0,0.7249957629894401,0.9985621034603358,1.0,2.631204739988314e-07,-0.21329264419707822,12.0,1.0,1.1206147584281831,1.1206147584281834
consensus,20,60,-2.7282340889208936e-08,2.7282340889208936e-08,0.0016408928661126084,0.0,0.0,0.0,0.0,5040.0,5040.0,1.0,0.0,161280.0,32.0,0.0,5040.0,0.0,0.0,0.0,0.0,0.0,0.0,0.7358942085436929,0.9925317583695167,1.0,1.863792706410515e-07,-0.18178672071011878,9.0,1.0,1.399646125476325,1.3996461254763248
consensus,20,60,-2.540133107053268e-07,2.540133107053268e-07,0.00048453446686209353,0.0,0.0,0.0,0.0,5400.0,5400.0,1.0,0.0,172800.0,32.0,0.0,5400.0,0.0,0.0,0.0,0.0,0.0,0.0,0.7510183855869336,0.998411949153818,1.0,1.799818348342342e-06,-0.28470321147063804,12.0,1.0,1.320493917398932,1.320493917398932
consensus,20,60,-8.168897270614256e-10,8.168897270614256e-10,0.0012440764529735126,0.0,0.0,0.0,0.0,6120.0,6120.0,1.0,0.0,195840.0,32.0,0.0,6120.0,0.0,0.0,0.0,0.0,0.0,0.0,0.6822838278176631,0.9973996316268622,1.0,1.0277110011726397e-08,-0.30468541946906474,9.0,1.0,1.55469612182113,1.5546961218211295
consensus,20,60,-1.44849267107655e-08,1.44849267107655e-08,0.019471394709923977,0.0,0.0,0.0,0.0,5040.0,5040.0,1.0,0.0,161280.0,32.0,0.0,5040.0,0.0,0.0,0.0,0.0,0.0,0.0,0.7101630463123513,0.9985650726029233,1.0,1.5671518029164446e-07,-0.43744331443948486,11.0,1.0,1.2627284000071304,1.2627284000071306
consensus,20,60,-9.276754692133524e-08,9.276754692133524e-08,3.289845831358147e-05,0.0,0.0,0.0,0.0,5640.0,5640.0,1.0,0.0,180480.0,32.0,0.0,5640.0,0.0,0.0,0.0,0.0,0.0,0.0,0.7473228203439312,0.9943839413436558,1.0,5.841762267377446e-07,-0.2570986057633667,9.0,1.0,1.3711704029417888,1.3711704029417888
consensus,20,60,-2.3477787254070522e-08,2.3477787254070522e-08,0.0037162859002191975,0.0,0.0,0.0,0.0,6360.0,6360.0,1.0,0.0,203520.0,32.0,0.0,6360.0,0.0,0.0,0.0,0.0,0.0,0.0,0.7191687973344563,0.9968099910770064,1.0,1.8721703839698926e-07,-0.25459691385321637,11.0,1.0,1.6160985120576443,1.616098512057644
consensus,20,60,-5.570206765237664e-07,5.570206765237664e-07,5.444381155767587e-05,0.0,0.0,0.0,0.0,4680.0,4680.0,1.0,0.0,149760.0,32.0,0.0,4680.0,0.0,0.0,0.0,0.0,0.0,0.0,0.7682219554941994,0.9874776436152543,1.0,2.6186758839223734e-06,-0.35008555319065043,9.0,1.0,0.9450014459069909,0.9450014459069908
consensus,20,60,-1.7240977534037544e-11,1.7240977534037544e-11,0.0002635716035891913,0.0,0.0,0.0,0.0,6480.0,6480.0,1.0,0.0,207360.0,32.0,0.0,6480.0,0.0,0.0,0.0,0.0,0.0,0.0,0.6407059489560791,0.9952688870731727,1.0,2.826947437737647e-10,-0.32121842418855234,7.0,1.0,2.218617553571293,2.218617553571293
consensus,20,60,-4.581667026258216e-05,4.581667026258216e-05,0.010348279756478822,0.0,0.0,0.0,0.0,4200.0,4200.0,1.0,0.0,134400.0,32.0,0.0,4200.0,0.0,0.0,0.0,0.0,0.0,0.0,0.8317451493013875,0.9913815833731552,1.0,0.0001402144553736957,-0.2253599342497902,15.0,1.0,0.7964836768628718,0.7964836768628717
consensus,20,60,-1.842855635986362e-05,1.842855635986362e-05,7.788988655482558e-06,0.0,0.0,0.0,0.0,5280.0,5280.0,1.0,0.0,168960.0,32.0,0.0,5280.0,0.0,0.0,0.0,0.0,0.0,0.0,0.8215139615751635,0.9869105412873541,1.0,5.994455747389067e-05,-0.2459001450238141,12.0,1.0,0.9413291035084279,0.9413291035084281
consensus,40,60,-5.585368422139051e-10,5.585368422139051e-10,0.00287022164667797,0.0,0.0,0.0,0.0,17760.0,17760.0,1.0,0.0,568320.0,32.0,0.0,17760.0,0.0,0.0,0.0,0.0,0.0,0.0,0.6824975441860778,0.9956579913869922,1.0,7.572876954381876e-09,-0.384097781343372,7.0,1.0,2.4252258299166085,2.425225829916608
consensus,40,60,-1.0545183333574918e-09,1.0545183333574918e-09,0.0037175489523609525,0.0,0.0,0.0,0.0,17040.0,17040.0,1.0,0.0,545280.0,32.0,0.0,17040.0,0.0,0.0,0.0,0.0,0.0,0.0,0.6821582284324721,0.9910040954925351,1.0,1.0452659280569172e-08,-0.5897633280025405,7.0,1.0,1.8704149342977936,1.8704149342977938
consensus,40,60,-1.7769322759842605e-11,1.7769322759842605e-11,0.0005791857676298733,0.0,0.0,0.0,0.0,20160.0,20160.0,1.0,0.0,645120.0,32.0,0.0,20160.0,0.0,0.0,0.0,0.0,0.0,0.0,0.6378720858426882,0.9935929313972569,1.0,4.011269345353761e-10,-0.8055662339115043,7.0,1.0,2.919129404845244,2.9191294048452443
consensus,40,60,-2.796889241336493e-09,2.796889241336493e-09,2.980888252130375e-06,0.0,0.0,0.0,0.0,17400.0,17400.0,1.0,0.0,556800.0,32.0,0.0,17400.0,0.0,0.0,0.0,0.0,0.0,0.0,0.6911481439588204,0.997163824259472,1.0,3.6532034105711244e-08,-0.6737596050952959,9.0,1.0,2.5313155292563594,2.5313155292563585
consensus,40,60,-2.6817755750062184e-09,2.6817755750062184e-09,0.004550667256848625,0.0,0.0,0.0,0.0,19080.0,19080.0,1.0,0.0,610560.0,32.0,0.0,19080.0,0.0,0.0,0.0,0.0,0.0,0.0,0.6887303839467759,0.9961565049098595,1.0,3.359820672964058e-08,-0.7449906996042269,9.0,1.0,2.8450314110379797,2.8450314110379797
consensus,40,60,-1.1953931568435043e-08,1.1953931568435043e-08,0.0005349716288790107,0.0,0.0,0.0,0.0,18720.0,18720.0,1.0,0.0,599040.0,32.0,0.0,18720.0,0.0,0.0,0.0,0.0,0.0,0.0,0.7146456338784168,0.9896181835288895,1.0,9.791355301186638e-08,-0.5999178424973787,8.0,1.0,2.563412626110077,2.563412626110077
consensus,40,60,-8.704617674163633e-10,8.704617674163633e-10,0.0001198516711828431,0.0,0.0,0.0,0.0,17040.0,17040.0,1.0,0.0,545280.0,32.0,0.0,17040.0,0.0,0.0,0.0,0.0,0.0,0.0,0.6837307147483962,0.9964114375514181,1.0,1.165871798115056e-08,-0.41284282675467915,8.0,1.0,2.2353075819543733,2.2353075819543733
consensus,40,60,-9.91942156780084e-09,9.91942156780084e-09,0.0004534807193723499,0.0,0.0,0.0,0.0,18240.0,18240.0,1.0,0.0,583680.0,32.0,0.0,18240.0,0.0,0.0,0.0,0.0,0.0,0.0,0.7064971959442681,0.9985244190257813,1.0,1.1032829240052815e-07,-0.5121450883282468,10.0,1.0,2.088773022936588,2.088773022936588
consensus,40,60,-6.06067074745986e-08,6.06067074745986e-08,0.0013190796480010702,0.0,0.0,0.0,0.0,17760.0,17760.0,1.0,0.0,568320.0,32.0,0.0,17760.0,0.0,0.0,0.0,0.0,0.0,0.0,0.7333859706136009,0.9900916111100974,1.0,4.0778836683656286e-07,-0.5630083308429469,8.0,1.0,2.234234449997726,2.234234449997726
consensus,40,60,-1.5445800716768863e-08,1.5445800716768863e-08,0.0003061954762309602,0.0,0.0,0.0,0.0,17040.0,17040.0,1.0,0.0,545280.0,32.0,0.0,17040.0,0.0,0.0,0.0,0.0,0.0,0.0,0.7128127874629149,0.996454732860751,1.0,1.4388796679953206e-07,-0.493721937150516,10.0,1.0,2.140351993937301,2.140351993937301
consensus,80,60,-3.8807700247021744e-12,3.8807700247021744e-12,0.0003089803852411303,0.0,0.0,0.0,0.0,62400.0,62400.0,1.0,0.0,1996800.0,32.0,0.0,62400.0,0.0,0.0,0.0,0.0,0.0,0.0,0.6122685820984285,0.9969062951125631,1.0,1.2806326403455906e-10,-1.3272706925643996,7.0,1.0,4.213131314246281,4.213131314246282
consensus,80,60,-1.5245080369029673e-12,1.5245080369029673e-12,0.0003201525641712363,0.0,0.0,0.0,0.0,66120.0,66120.0,1.0,0.0,2115840.0,32.0,0.0,66120.0,0.0,0.0,0.0,0.0,0.0,0.0,0.5993788031886035,0.9970347156353455,1.0,5.090930787437293e-11,-1.3715715323138769,7.0,1.0,5.757778625797159,5.757778625797161
consensus,80,60,-5.8791321850295026e-12,5.8791321850295026e-12,0.00042004434808715795,0.0,0.0,0.0,0.0,68400.0,68400.0,1.0,0.0,2188800.0,32.0,0.0,68400.0,0.0,0.0,0.0,0.0,0.0,0.0,0.6165491663883409,0.9967842938576514,1.0,1.7363656028382153e-10,-1.199308628048623,7.0,1.0,5.697800659811834,5.697800659811834
consensus,80,60,-9.365347958323371e-11,9.365347958323371e-11,7.216185003108366e-05,0.0,0.0,0.0,0.0,62040.0,62040.0,1.0,0.0,1985280.0,32.0,0.0,62040.0,0.0,0.0,0.0,0.0,0.0,0.0,0.6463638133594268,0.9966389159589766,1.0,1.9645290211342104e-09,-1.2809126748806205,7.0,1.0,4.7039378176522,4.703937817652201
consensus,80,60,-4.546832788429811e-12,4.546832788429811e-12,0.001086596273338853,0.0,0.0,0.0,0.0,65880.0,65880.0,1.0,0.0,2108160.0,32.0,0.0,65880.0,0.0,0.0,0.0,0.0,0.0,0.0,0.6117313187017064,0.9983676045723371,1.0,1.6711557899294113e-10,-1.2583639832810427,7.0,1.0,6.374105194463,6.374105194463001
consensus,80,60,-1.324673456343385e-11,1.324673456343385e-11,0.0013806466059671477,0.0,0.0,0.0,0.0,64680.0,64680.0,1.0,0.0,2069760.0,32.0,0.0,64680.0,0.0,0.0,0.0,0.0,0.0,0.0,0.6228598509019251,0.9976153379459811,1.0,3.8236489798871967e-10,-1.2927116736171735,7.0,1.0,5.63523767826106,5.635237678261058
consensus,80,60,-1.2849215088090921e-11,1.2849215088090921e-11,0.00020365571142750552,0.0,0.0,0.0,0.0,64200.0,64200.0,1.0,0.0,2054400.0,32.0,0.0,64200.0,0.0,0.0,0.0,0.0,0.0,0.0,0.6200546435835217,0.9984679780431297,1.0,4.259599389341643e-10,-1.6876561861208959,7.0,1.0,3.868534963501456,3.8685349635014554
consensus,80,60,-8.079892304775834e-13,8.079892304775834e-13,8.994399674497439e-05,0.0,0.0,0.0,0.0,66120.0,66120.0,1.0,0.0,2115840.0,32.0,0.0,66120.0,0.0,0.0,0.0,0.0,0.0,0.0,0.5973129783167923,0.9982549571281851,1.0,3.7127473706757365e-11,-1.1114215988480183,7.0,1.0,5.569577765303591,5.569577765303589
consensus,80,60,-5.1729925276550894e-11,5.1729925276550894e-11,0.00037492410916847776,0.0,0.0,0.0,0.0,62760.0,62760.0,1.0,0.0,2008320.0,32.0,0.0,62760.0,0.0,0.0,0.0,0.0,0.0,0.0,0.6391043168000059,0.9975228618568494,1.0,1.2801970422010925e-09,-1.1677369950639032,8.0,1.0,4.942407740064532,4.9424077400645325
consensus,80,60,-2.932984475816939e-12,2.932984475816939e-12,0.0017336455758494526,0.0,0.0,0.0,0.0,65160.0,65160.0,1.0,0.0,2085120.0,32.0,0.0,65160.0,0.0,0.0,0.0,0.0,0.0,0.0,0.608260630880209,0.9974965454362329,1.0,1.0562408152436537e-10,-1.4499627547792524,7.0,1.0,5.447207591989155,5.447207591989153
consensus,160,60,-1.3413735598419433e-13,1.3413735598419433e-13,6.153817633538749e-05,0.0,0.0,0.0,0.0,242400.0,242400.0,1.0,0.0,7756800.0,32.0,0.0,242400.0,0.0,0.0,0.0,0.0,0.0,0.0,0.5709283489671252,0.998560088690346,1.0,9.540744091542112e-12,-2.171299676907794,7.0,1.0,11.78007927678036,11.78007927678036
consensus,160,60,-1.825964063401192e-13,1.825964063401192e-13,0.00015299505868310558,0.0,0.0,0.0,0.0,244800.0,244800.0,1.0,0.0,7833600.0,32.0,0.0,244800.0,0.0,0.0,0.0,0.0,0.0,0.0,0.5709014947458846,0.9982231121147539,1.0,1.2138423580801392e-11,-2.6304273032629624,7.0,1.0,14.546070762522843,14.546070762522843
consensus,160,60,-3.656282393943681e-14,3.656282393943681e-14,0.00025020477263614866,0.0,0.0,0.0,0.0,259800.0,259800.0,1.0,0.0,8313600.0,32.0,0.0,259800.0,0.0,0.0,0.0,0.0,0.0,0.0,0.5549954607061712,0.9987491113172061,1.0,3.0859210139458713e-12,-2.121038361551486,7.0,1.0,15.926022328960917,15.926022328960917
consensus,160,60,-3.1679332330784616e-14,3.1679332330784616e-14,2.824490774513749e-06,0.0,0.0,0.0,0.0,241560.0,241560.0,1.0,0.0,7729920.0,32.0,0.0,241560.0,0.0,0.0,0.0,0.0,0.0,0.0,0.5537680981619308,0.9986984957604784,1.0,2.711147277413954e-12,-2.1121712881624246,7.0,1.0,13.141552095129736,13.141552095129741
consensus,160,60,-1.5925779282527325e-14,1.5925779282527325e-14,2.7862075971357496e-05,0.0,0.0,0.0,0.0,245760.0,245760.0,1.0,0.0,7864320.0,32.0,0.0,245760.0,0.0,0.0,0.0,0.0,0.0,0.0,0.5477827419106347,0.9983692087484392,1.0,1.4345479540640955e-12,-2.1142457703231554,6.0,1.0,12.022891262530887,12.022891262530885
consensus,160,60,-7.957895199880939e-14,7.957895199880939e-14,7.49495558206708e-07,0.0,0.0,0.0,0.0,238320.0,238320.0,1.0,0.0,7626240.0,32.0,0.0,238320.0,0.0,0.0,0.0,0.0,0.0,0.0,0.5617285533475995,0.9983382416790414,1.0,5.988008631332649e-12,-3.012152157981247,6.0,1.0,12.044721222132438,12.04472122213244
consensus,160,60,-2.99827242416258e-14,2.99827242416258e-14,1.1741666629441303e-06,0.0,0.0,0.0,0.0,245400.0,245400.0,1.0,0.0,7852800.0,32.0,0.0,245400.0,0.0,0.0,0.0,0.0,0.0,0.0,0.5520269668580908,0.9976176605143159,1.0,2.300165959229102e-12,-2.574754130248737,6.0,1.0,13.310445434599444,13.31044543459944
consensus,160,60,-2.3355712407248665e-13,2.3355712407248665e-13,6.289618104246772e-05,0.0,0.0,0.0,0.0,245520.0,245520.0,1.0,0.0,7856640.0,32.0,0.0,245520.0,0.0,0.0,0.0,0.0,0.0,0.0,0.5740032733040109,0.998733256084755,1.0,1.615490455721968e-11,-2.6621612413510127,7.0,1.0,13.577267118707782,13.577267118707786
consensus,160,60,-5.28516166221235e-14,5.28516166221235e-14,0.0006773642033228455,0.0,0.0,0.0,0.0,236760.0,236760.0,1.0,0.0,7576320.0,32.0,0.0,236760.0,0.0,0.0,0.0,0.0,0.0,0.0,0.5595139056474832,0.9981569469869073,1.0,4.010574192603338e-12,-2.384028508536367,6.0,1.0,13.90273331754192,13.902733317541918
consensus,160,60,-3.914158576093945e-14,3.914158576093945e-14,0.00035156056516937473,0.0,0.0,0.0,0.0,247800.0,247800.0,1.0,0.0,7929600.0,32.0,0.0,247800.0,0.0,0.0,0.0,0.0,0.0,0.0,0.5561765341230511,0.9983506506287008,1.0,3.345303475988889e-12,-2.644076427608359,6.0,1.0,11.120361901988913,11.12036190198891
