benchmark,n_agents,steps,topology,n_edges,k_colors,return,final_conflicts,final_conflict_frac,final_disagreement,comm_mse,comm_zero_frac,comm_age_mean,comm_age_peak,sent_msgs,delivered_real_msgs,delivery_rate,loss_rate,delivered_bits,bits_per_delivered,status_none,status_delivered,status_replayed,status_spoofed,status_dropped,status_jammed,status_partitioned,status_stale,algo,lyap_rho,lyap_rho_r2,lyap_monotone_frac,lyap_ultimate_bound,lyap_mean_drift,time_to_eps,converged,nominal_lambda2,task,task_name,family,value,seed,episode
dcop_minsum,24,40,ring_plus,36,4,-0.0,0.0,0.0,0.0,0.0,0.0,0.0,0.0,2880.0,2880.0,1.0,0.0,368640.0,128.0,0.0,2880.0,0.0,0.0,0.0,0.0,0.0,0.0,minsum,2.7735009811261474e-07,0.7963016814719625,1.0,0.0,-0.325,2.0,1.0,0.5162054954881106,dcop_minsum,dcop_minsum,msg_drop,0.0,0,0
dcop_minsum,24,40,ring_plus,51,4,-0.0,0.0,0.0,0.0,0.0,0.0,0.0,0.0,4080.0,4080.0,1.0,0.0,522240.0,128.0,0.0,4080.0,0.0,0.0,0.0,0.0,0.0,0.0,minsum,0.012690146647762898,0.48613104022524123,0.975,0.0,-0.225,5.0,1.0,0.6661370859762062,dcop_minsum,dcop_minsum,msg_drop,0.0,1,0
dcop_minsum,24,40,ring_plus,46,4,-0.0,0.0,0.0,0.0,0.0,0.0,0.0,0.0,3680.0,3680.0,1.0,0.0,471040.0,128.0,0.0,3680.0,0.0,0.0,0.0,0.0,0.0,0.0,minsum,0.17379987613064898,0.3440488199075741,0.975,0.0,-0.3,9.0,1.0,0.5767138582645176,dcop_minsum,dcop_minsum,msg_drop,0.0,2,0
dcop_minsum,24,40,ring_plus,41,4,-0.0,0.0,0.0,0.0,0.0,0.0,0.0,0.0,3280.0,3280.0,1.0,0.0,419840.0,128.0,0.0,3280.0,0.0,0.0,0.0,0.0,0.0,0.0,minsum,0.00011748246994956398,0.6462804036489715,1.0,0.0,-0.275,3.0,1.0,0.7280978425891074,dcop_minsum,dcop_minsum,msg_drop,0.0,3,0
dcop_minsum,24,40,ring_plus,45,4,-0.0,0.0,0.0,0.0,0.0,0.0,0.0,0.0,3600.0,3600.0,1.0,0.0,460800.0,128.0,0.0,3600.0,0.0,0.0,0.0,0.0,0.0,0.0,minsum,0.1857591806955914,0.30896466781109466,0.925,0.0,-0.35,9.0,1.0,0.5276394113913421,dcop_minsum,dcop_minsum,msg_drop,0.0,4,0
dcop_minsum,24,40,ring_plus,46,4,-17.0,17.0,0.3695652173913043,17.0,0.0,0.0,0.0,0.0,3680.0,3680.0,1.0,0.0,471040.0,128.0,0.0,3680.0,0.0,0.0,0.0,0.0,0.0,0.0,minsum,1.0,0.0,0.5,14.5,0.2,,0.0,0.6625865705641144,dcop_minsum,dcop_minsum,msg_drop,0.0,5,0
dcop_minsum,24,40,ring_plus,36,4,-0.0,0.0,0.0,0.0,0.0,0.0,0.0,0.0,2880.0,2880.0,1.0,0.0,368640.0,128.0,0.0,2880.0,0.0,0.0,0.0,0.0,0.0,0.0,minsum,0.0001071773462536297,0.6624067863220915,1.0,0.0,-0.25,3.0,1.0,0.37292756063084187,dcop_minsum,dcop_minsum,msg_drop,0.0,6,0
dcop_minsum,24,40,ring_plus,46,4,-3.0,3.0,0.06521739130434782,3.0,0.0,0.0030570652173913045,0.0,0.0,3680.0,3680.0,1.0,0.0,471040.0,128.0,0.0,3680.0,0.0,0.0,0.0,0.0,0.0,0.0,minsum,0.07535223114927193,0.38537952174811885,0.55,2.625,-0.275,7.0,1.0,0.3541200301325499,dcop_minsum,dcop_minsum,msg_drop,0.0,7,0
dcop_minsum,24,40,ring_plus,41,4,-3.0,3.0,0.07317073170731707,3.0,0.0,0.0,0.0,0.0,3280.0,3280.0,1.0,0.0,419840.0,128.0,0.0,3280.0,0.0,0.0,0.0,0.0,0.0,0.0,minsum,0.08356746304268925,0.363822955280949,0.625,1.75,-0.025,7.0,1.0,0.6798047431008131,dcop_minsum,dcop_minsum,msg_drop,0.0,8,0
dcop_minsum,24,40,ring_plus,50,4,-0.0,0.0,0.0,0.0,0.0,0.0,0.0,0.0,4000.0,4000.0,1.0,0.0,512000.0,128.0,0.0,4000.0,0.0,0.0,0.0,0.0,0.0,0.0,minsum,0.00010961502039017447,0.6653822987978404,1.0,0.0,-0.275,3.0,1.0,0.9519929129079138,dcop_minsum,dcop_minsum,msg_drop,0.0,9,0
dcop_minsum,24,40,ring_plus,36,4,-4.0,4.0,0.1111111111111111,4.0,0.0,0.10659722222222222,0.0,0.0,2880.0,2573.0,0.8934027777777778,0.10659722222222223,329344.0,128.0,0.0,2573.0,0.0,0.0,307.0,0.0,0.0,0.0,minsum,2.7735009811261474e-07,0.7963016814719625,0.675,2.125,-0.225,2.0,1.0,0.5162054954881106,dcop_minsum,dcop_minsum,msg_drop,0.1,0,0
dcop_minsum,24,40,ring_plus,51,4,-3.0,3.0,0.058823529411764705,3.0,0.0,0.10073529411764706,0.0,0.0,4080.0,3669.0,0.899264705882353,0.10073529411764703,469632.0,128.0,0.0,3669.0,0.0,0.0,411.0,0.0,0.0,0.0,minsum,0.03559327460815386,0.4351004599008973,0.7,2.75,-0.15,6.0,1.0,0.6661370859762062,dcop_minsum,dcop_minsum,msg_drop,0.1,1,0
dcop_minsum,24,40,ring_plus,46,4,-2.0,2.0,0.043478260869565216,2.0,0.0,0.10407608695652174,0.0,0.0,3680.0,3297.0,0.8959239130434783,0.10407608695652171,422016.0,128.0,0.0,3297.0,0.0,0.0,383.0,0.0,0.0,0.0,minsum,0.7803628884289614,0.5125731021376234,0.625,2.75,-0.25,,0.0,0.5767138582645176,dcop_minsum,dcop_minsum,msg_drop,0.1,2,0
dcop_minsum,24,40,ring_plus,41,4,-2.0,2.0,0.04878048780487805,2.0,0.0,0.09207317073170732,0.0,0.0,3280.0,2978.0,0.9079268292682927,0.09207317073170729,381184.0,128.0,0.0,2978.0,0.0,0.0,302.0,0.0,0.0,0.0,minsum,0.2631611776829826,0.2647017621480018,0.675,0.5,-0.225,10.0,1.0,0.7280978425891074,dcop_minsum,dcop_minsum,msg_drop,0.1,3,0
dcop_minsum,24,40,ring_plus,45,4,-5.0,5.0,0.1111111111111111,5.0,0.0,0.10166666666666667,0.0,0.0,3600.0,3234.0,0.8983333333333333,0.10166666666666668,413952.0,128.0,0.0,3234.0,0.0,0.0,366.0,0.0,0.0,0.0,minsum,0.5262102128411952,0.21226162795617787,0.625,4.625,-0.225,16.0,1.0,0.5276394113913421,dcop_minsum,dcop_minsum,msg_drop,0.1,4,0
dcop_minsum,24,40,ring_plus,46,4,-11.0,11.0,0.2391304347826087,11.0,0.0,0.09809782608695652,0.0,0.0,3680.0,3319.0,0.9019021739130435,0.0980978260869565,424832.0,128.0,0.0,3319.0,0.0,0.0,361.0,0.0,0.0,0.0,minsum,1.0,0.0,0.575,13.0,0.05,,0.0,0.6625865705641144,dcop_minsum,dcop_minsum,msg_drop,0.1,5,0
dcop_minsum,24,40,ring_plus,36,4,-2.0,2.0,0.05555555555555555,2.0,0.0,0.09583333333333334,0.0,0.0,2880.0,2604.0,0.9041666666666667,0.09583333333333333,333312.0,128.0,0.0,2604.0,0.0,0.0,276.0,0.0,0.0,0.0,minsum,0.0023751781813625746,0.5336747672011105,0.65,1.375,-0.2,4.0,1.0,0.37292756063084187,dcop_minsum,dcop_minsum,msg_drop,0.1,6,0
dcop_minsum,24,40,ring_plus,46,4,-5.0,5.0,0.10869565217391304,5.0,0.0,0.10217391304347827,0.0,0.0,3680.0,3304.0,0.8978260869565218,0.10217391304347823,422912.0,128.0,0.0,3304.0,0.0,0.0,376.0,0.0,0.0,0.0,minsum,0.8738466562571627,0.48047066552070283,0.65,2.625,-0.225,,0.0,0.3541200301325499,dcop_minsum,dcop_minsum,msg_drop,0.1,7,0
dcop_minsum,24,40,ring_plus,41,4,-8.0,8.0,0.1951219512195122,8.0,0.0,0.10548780487804878,0.0,0.0,3280.0,2934.0,0.8945121951219512,0.10548780487804876,375552.0,128.0,0.0,2934.0,0.0,0.0,346.0,0.0,0.0,0.0,minsum,0.9845202819378501,0.023855876155282063,0.6,6.125,0.1,,0.0,0.6798047431008131,dcop_minsum,dcop_minsum,msg_drop,0.1,8,0
dcop_minsum,24,40,ring_plus,50,4,-0.0,0.0,0.0,0.0,0.0,0.10175,0.0,0.0,4000.0,3593.0,0.89825,0.10175000000000001,459904.0,128.0,0.0,3593.0,0.0,0.0,407.0,0.0,0.0,0.0,minsum,0.07924483267925111,0.36646623152848323,0.625,2.375,-0.275,7.0,1.0,0.9519929129079138,dcop_minsum,dcop_minsum,msg_drop,0.1,9,0
dcop_minsum,24,40,ring_plus,36,4,-4.0,4.0,0.1111111111111111,4.0,0.0,0.29270833333333335,0.0,0.0,2880.0,2037.0,0.7072916666666667,0.29270833333333335,260736.0,128.0,0.0,2037.0,0.0,0.0,843.0,0.0,0.0,0.0,minsum,0.0023834789982192495,0.5460928090821995,0.6,3.375,-0.225,4.0,1.0,0.5162054954881106,dcop_minsum,dcop_minsum,msg_drop,0.3,0,0
dcop_minsum,24,40,ring_plus,51,4,-5.0,5.0,0.09803921568627451,5.0,0.0,0.30049019607843136,0.0,0.0,4080.0,2854.0,0.6995098039215686,0.3004901960784314,365312.0,128.0,0.0,2854.0,0.0,0.0,1226.0,0.0,0.0,0.0,minsum,0.770844225068853,0.8399431895146607,0.6,7.0,-0.1,,0.0,0.6661370859762062,dcop_minsum,dcop_minsum,msg_drop,0.3,1,0
dcop_minsum,24,40,ring_plus,46,4,-6.0,6.0,0.13043478260869565,6.0,0.0,0.3089673913043478,0.0,0.0,3680.0,2543.0,0.6910326086956522,0.3089673913043478,325504.0,128.0,0.0,2543.0,0.0,0.0,1137.0,0.0,0.0,0.0,minsum,0.9907170256356198,0.08436600140899453,0.625,5.0,-0.15,,0.0,0.5767138582645176,dcop_minsum,dcop_minsum,msg_drop,0.3,2,0
dcop_minsum,24,40,ring_plus,41,4,-3.0,3.0,0.07317073170731707,3.0,0.0,0.28597560975609754,0.0,0.0,3280.0,2342.0,0.7140243902439024,0.2859756097560976,299776.0,128.0,0.0,2342.0,0.0,0.0,938.0,0.0,0.0,0.0,minsum,0.9626091955766386,0.15937483224877524,0.575,2.625,-0.2,,0.0,0.7280978425891074,dcop_minsum,dcop_minsum,msg_drop,0.3,3,0
dcop_minsum,24,40,ring_plus,45,4,-6.0,6.0,0.13333333333333333,6.0,0.0,0.3,0.0,0.0,3600.0,2520.0,0.7,0.30000000000000004,322560.0,128.0,0.0,2520.0,0.0,0.0,1080.0,0.0,0.0,0.0,minsum,0.3779644730092273,0.8413480588553365,0.65,6.125,-0.2,,0.0,0.5276394113913421,dcop_minsum,dcop_minsum,msg_drop,0.3,4,0
dcop_minsum,24,40,ring_plus,46,4,-11.0,11.0,0.2391304347826087,11.0,0.0,0.29836956521739133,0.0,0.0,3680.0,2582.0,0.7016304347826087,0.29836956521739133,330496.0,128.0,0.0,2582.0,0.0,0.0,1098.0,0.0,0.0,0.0,minsum,0.96481769871217,0.1815001568024316,0.55,10.25,0.05,,0.0,0.6625865705641144,dcop_minsum,dcop_minsum,msg_drop,0.3,5,0
dcop_minsum,24,40,ring_plus,36,4,-7.0,7.0,0.19444444444444445,7.0,0.0,0.29756944444444444,0.0,0.0,2880.0,2023.0,0.7024305555555556,0.29756944444444444,258944.0,128.0,0.0,2023.0,0.0,0.0,857.0,0.0,0.0,0.0,minsum,0.6853338677529307,0.8564731886931839,0.55,4.625,-0.075,,0.0,0.37292756063084187,dcop_minsum,dcop_minsum,msg_drop,0.3,6,0
dcop_minsum,24,40,ring_plus,46,4,-5.0,5.0,0.10869565217391304,5.0,0.0,0.296195652173913,0.0,0.0,3680.0,2590.0,0.7038043478260869,0.2961956521739131,331520.0,128.0,0.0,2590.0,0.0,0.0,1090.0,0.0,0.0,0.0,minsum,0.9222945129530855,0.405072359630113,0.65,5.75,-0.225,,0.0,0.3541200301325499,dcop_minsum,dcop_minsum,msg_drop,0.3,7,0
dcop_minsum,24,40,ring_plus,41,4,-7.0,7.0,0.17073170731707318,7.0,0.0,0.3152439024390244,0.0,0.0,3280.0,2246.0,0.6847560975609757,0.31524390243902434,287488.0,128.0,0.0,2246.0,0.0,0.0,1034.0,0.0,0.0,0.0,minsum,0.7071067811865476,0.5261068998680045,0.6,6.0,0.075,,0.0,0.6798047431008131,dcop_minsum,dcop_minsum,msg_drop,0.3,8,0
dcop_minsum,24,40,ring_plus,50,4,-1.0,1.0,0.02,1.0,0.0,0.295,0.0,0.0,4000.0,2820.0,0.705,0.29500000000000004,360960.0,128.0,0.0,2820.0,0.0,0.0,1180.0,0.0,0.0,0.0,minsum,0.9266154834393174,0.16118409647668608,0.65,4.25,-0.25,,0.0,0.9519929129079138,dcop_minsum,dcop_minsum,msg_drop,0.3,9,0
dcop_minsum,24,40,ring_plus,36,4,-5.0,5.0,0.1388888888888889,5.0,0.0,0.490625,0.0,0.0,2880.0,1467.0,0.509375,0.490625,187776.0,128.0,0.0,1467.0,0.0,0.0,1413.0,0.0,0.0,0.0,minsum,0.5661187312306288,0.8972262115497944,0.675,3.75,-0.2,,0.0,0.5162054954881106,dcop_minsum,dcop_minsum,msg_drop,0.5,0,0
dcop_minsum,24,40,ring_plus,51,4,-4.0,4.0,0.0784313725490196,4.0,0.0,0.5066176470588235,0.0,0.0,4080.0,2013.0,0.4933823529411765,0.5066176470588235,257664.0,128.0,0.0,2013.0,0.0,0.0,2067.0,0.0,0.0,0.0,minsum,0.7746143765343448,0.7238347495278254,0.6,8.5,-0.125,,0.0,0.6661370859762062,dcop_minsum,dcop_minsum,msg_drop,0.5,1,0
dcop_minsum,24,40,ring_plus,46,4,-7.0,7.0,0.15217391304347827,7.0,0.0,0.5051630434782609,0.0,0.0,3680.0,1821.0,0.49483695652173915,0.5051630434782608,233088.0,128.0,0.0,1821.0,0.0,0.0,1859.0,0.0,0.0,0.0,minsum,0.9870416831219123,0.10996922197615244,0.6,7.875,-0.125,,0.0,0.5767138582645176,dcop_minsum,dcop_minsum,msg_drop,0.5,2,0
dcop_minsum,24,40,ring_plus,41,4,-5.0,5.0,0.12195121951219512,5.0,0.0,0.4899390243902439,0.0,0.0,3280.0,1673.0,0.510060975609756,0.48993902439024395,214144.0,128.0,0.0,1673.0,0.0,0.0,1607.0,0.0,0.0,0.0,minsum,0.7835703887834711,0.8475041671754389,0.6,5.5,-0.15,,0.0,0.7280978425891074,dcop_minsum,dcop_minsum,msg_drop,0.5,3,0
dcop_minsum,24,40,ring_plus,45,4,-11.0,11.0,0.24444444444444444,11.0,0.0,0.4888888888888889,0.0,0.0,3600.0,1840.0,0.5111111111111111,0.48888888888888893,235520.0,128.0,0.0,1840.0,0.0,0.0,1760.0,0.0,0.0,0.0,minsum,0.9342741510724453,0.3408837298659467,0.625,8.75,-0.075,,0.0,0.5276394113913421,dcop_minsum,dcop_minsum,msg_drop,0.5,4,0
dcop_minsum,24,40,ring_plus,46,4,-9.0,9.0,0.1956521739130435,9.0,0.0,0.4945652173913043,0.0,0.0,3680.0,1860.0,0.5054347826086957,0.4945652173913043,238080.0,128.0,0.0,1860.0,0.0,0.0,1820.0,0.0,0.0,0.0,minsum,0.9887642888372469,0.026266740939607014,0.6,7.625,0.0,,0.0,0.6625865705641144,dcop_minsum,dcop_minsum,msg_drop,0.5,5,0
dcop_minsum,24,40,ring_plus,36,4,-7.0,7.0,0.19444444444444445,7.0,0.0,0.4951388888888889,0.0,0.0,2880.0,1454.0,0.5048611111111111,0.4951388888888889,186112.0,128.0,0.0,1454.0,0.0,0.0,1426.0,0.0,0.0,0.0,minsum,0.9885840776238316,0.06999428569022992,0.625,6.5,-0.075,,0.0,0.37292756063084187,dcop_minsum,dcop_minsum,msg_drop,0.5,6,0
dcop_minsum,24,40,ring_plus,46,4,-4.0,4.0,0.08695652173913043,4.0,0.0,0.4910326086956522,0.0,0.0,3680.0,1873.0,0.5089673913043479,0.49103260869565213,239744.0,128.0,0.0,1873.0,0.0,0.0,1807.0,0.0,0.0,0.0,minsum,1.0,0.0,0.575,7.125,-0.25,,0.0,0.3541200301325499,dcop_minsum,dcop_minsum,msg_drop,0.5,7,0
dcop_minsum,24,40,ring_plus,41,4,-5.0,5.0,0.12195121951219512,5.0,0.0,0.5134146341463415,0.0,0.0,3280.0,1596.0,0.4865853658536585,0.5134146341463415,204288.0,128.0,0.0,1596.0,0.0,0.0,1684.0,0.0,0.0,0.0,minsum,0.9940895120940493,0.017362655806452132,0.575,6.125,0.025,,0.0,0.6798047431008131,dcop_minsum,dcop_minsum,msg_drop,0.5,8,0
dcop_minsum,24,40,ring_plus,50,4,-7.0,7.0,0.14,7.0,0.0,0.50625,0.0,0.0,4000.0,1975.0,0.49375,0.50625,252800.0,128.0,0.0,1975.0,0.0,0.0,2025.0,0.0,0.0,0.0,minsum,0.9594032815094848,0.27278613003504115,0.575,7.125,-0.1,,0.0,0.9519929129079138,dcop_minsum,dcop_minsum,msg_drop,0.5,9,0
dcop_minsum,24,40,ring_plus,36,4,-5.0,5.0,0.1388888888888889,5.0,0.0,0.6958333333333333,0.0,0.0,2880.0,876.0,0.30416666666666664,0.6958333333333333,112128.0,128.0,0.0,876.0,0.0,0.0,2004.0,0.0,0.0,0.0,minsum,0.5586095163475125,0.906421758259464,0.7,4.75,-0.2,,0.0,0.5162054954881106,dcop_minsum,dcop_minsum,msg_drop,0.7,0,0
dcop_minsum,24,40,ring_plus,51,4,-7.0,7.0,0.13725490196078433,7.0,0.0,0.7058823529411765,0.0,0.0,4080.0,1200.0,0.29411764705882354,0.7058823529411764,153600.0,128.0,0.0,1200.0,0.0,0.0,2880.0,0.0,0.0,0.0,minsum,0.992070040912687,0.018550938252460014,0.475,8.75,-0.05,,0.0,0.6661370859762062,dcop_minsum,dcop_minsum,msg_drop,0.7,1,0
dcop_minsum,24,40,ring_plus,46,4,-9.0,9.0,0.1956521739130435,9.0,0.0,0.7038043478260869,0.0,0.0,3680.0,1090.0,0.296195652173913,0.7038043478260869,139520.0,128.0,0.0,1090.0,0.0,0.0,2590.0,0.0,0.0,0.0,minsum,0.9929462616401967,0.1209413153820178,0.575,8.125,-0.075,,0.0,0.5767138582645176,dcop_minsum,dcop_minsum,msg_drop,0.7,2,0
dcop_minsum,24,40,ring_plus,41,4,-6.0,6.0,0.14634146341463414,6.0,0.0,0.7015243902439025,0.0,0.0,3280.0,979.0,0.29847560975609755,0.7015243902439025,125312.0,128.0,0.0,979.0,0.0,0.0,2301.0,0.0,0.0,0.0,minsum,0.9401391404613423,0.39904957604003943,0.6,6.125,-0.125,,0.0,0.7280978425891074,dcop_minsum,dcop_minsum,msg_drop,0.7,3,0
dcop_minsum,24,40,ring_plus,45,4,-14.0,14.0,0.3111111111111111,14.0,0.0,0.6963888888888888,0.0,0.0,3600.0,1093.0,0.3036111111111111,0.696388888888889,139904.0,128.0,0.0,1093.0,0.0,0.0,2507.0,0.0,0.0,0.0,minsum,0.8754420396613405,0.9270031187089368,0.675,10.125,0.0,,0.0,0.5276394113913421,dcop_minsum,dcop_minsum,msg_drop,0.7,4,0
dcop_minsum,24,40,ring_plus,46,4,-13.0,13.0,0.2826086956521739,13.0,0.0,0.7051630434782609,0.0,0.0,3680.0,1085.0,0.29483695652173914,0.7051630434782609,138880.0,128.0,0.0,1085.0,0.0,0.0,2595.0,0.0,0.0,0.0,minsum,0.9873729698178356,0.049247536524850255,0.575,9.25,0.1,,0.0,0.6625865705641144,dcop_minsum,dcop_minsum,msg_drop,0.7,5,0
dcop_minsum,24,40,ring_plus,36,4,-8.0,8.0,0.2222222222222222,8.0,0.0,0.6993055555555555,0.0,0.0,2880.0,866.0,0.30069444444444443,0.6993055555555556,110848.0,128.0,0.0,866.0,0.0,0.0,2014.0,0.0,0.0,0.0,minsum,0.9069008227119493,0.7233217743271511,0.65,7.5,-0.05,,0.0,0.37292756063084187,dcop_minsum,dcop_minsum,msg_drop,0.7,6,0
dcop_minsum,24,40,ring_plus,46,4,-4.0,4.0,0.08695652173913043,4.0,0.0,0.6918478260869565,0.0,0.0,3680.0,1134.0,0.3081521739130435,0.6918478260869565,145152.0,128.0,0.0,1134.0,0.0,0.0,2546.0,0.0,0.0,0.0,minsum,0.7422255153634582,0.8626818932889968,0.6,6.625,-0.25,,0.0,0.3541200301325499,dcop_minsum,dcop_minsum,msg_drop,0.7,7,0
dcop_minsum,24,40,ring_plus,41,4,-6.0,6.0,0.14634146341463414,6.0,0.0,0.7039634146341464,0.0,0.0,3280.0,971.0,0.29603658536585364,0.7039634146341464,124288.0,128.0,0.0,971.0,0.0,0.0,2309.0,0.0,0.0,0.0,minsum,1.0,0.0,0.525,7.625,0.05,,0.0,0.6798047431008131,dcop_minsum,dcop_minsum,msg_drop,0.7,8,0
dcop_minsum,24,40,ring_plus,50,4,-6.0,6.0,0.12,6.0,0.0,0.70675,0.0,0.0,4000.0,1173.0,0.29325,0.70675,150144.0,128.0,0.0,1173.0,0.0,0.0,2827.0,0.0,0.0,0.0,minsum,0.9753888442871157,0.2737846727011174,0.625,8.125,-0.125,,0.0,0.9519929129079138,dcop_minsum,dcop_minsum,msg_drop,0.7,9,0
dcop_minsum,24,40,ring_plus,36,4,-13.0,13.0,0.3611111111111111,13.0,0.0,1.0,0.0,0.0,2880.0,0.0,0.0,1.0,0.0,0.0,0.0,0.0,0.0,0.0,2880.0,0.0,0.0,0.0,minsum,1.0,0.0,1.0,13.0,0.0,,0.0,0.5162054954881106,dcop_minsum,dcop_minsum,msg_drop,1.0,0,0
dcop_minsum,24,40,ring_plus,51,4,-9.0,9.0,0.17647058823529413,9.0,0.0,1.0,0.0,0.0,4080.0,0.0,0.0,1.0,0.0,0.0,0.0,0.0,0.0,0.0,4080.0,0.0,0.0,0.0,minsum,1.0,0.0,1.0,9.0,0.0,,0.0,0.6661370859762062,dcop_minsum,dcop_minsum,msg_drop,1.0,1,0
dcop_minsum,24,40,ring_plus,46,4,-12.0,12.0,0.2608695652173913,12.0,0.0,1.0,0.0,0.0,3680.0,0.0,0.0,1.0,0.0,0.0,0.0,0.0,0.0,0.0,3680.0,0.0,0.0,0.0,minsum,1.0,0.0,1.0,12.0,0.0,,0.0,0.5767138582645176,dcop_minsum,dcop_minsum,msg_drop,1.0,2,0
dcop_minsum,24,40,ring_plus,41,4,-11.0,11.0,0.2682926829268293,11.0,0.0,1.0,0.0,0.0,3280.0,0.0,0.0,1.0,0.0,0.0,0.0,0.0,0.0,0.0,3280.0,0.0,0.0,0.0,minsum,1.0,0.0,1.0,11.0,0.0,,0.0,0.7280978425891074,dcop_minsum,dcop_minsum,msg_drop,1.0,3,0
dcop_minsum,24,40,ring_plus,45,4,-14.0,14.0,0.3111111111111111,14.0,0.0,1.0,0.0,0.0,3600.0,0.0,0.0,1.0,0.0,0.0,0.0,0.0,0.0,0.0,3600.0,0.0,0.0,0.0,minsum,1.0,0.0,1.0,14.0,0.0,,0.0,0.5276394113913421,dcop_minsum,dcop_minsum,msg_drop,1.0,4,0
dcop_minsum,24,40,ring_plus,46,4,-9.0,9.0,0.1956521739130435,9.0,0.0,1.0,0.0,0.0,3680.0,0.0,0.0,1.0,0.0,0.0,0.0,0.0,0.0,0.0,3680.0,0.0,0.0,0.0,minsum,1.0,0.0,1.0,9.0,0.0,,0.0,0.6625865705641144,dcop_minsum,dcop_minsum,msg_drop,1.0,5,0
dcop_minsum,24,40,ring_plus,36,4,-10.0,10.0,0.2777777777777778,10.0,0.0,1.0,0.0,0.0,2880.0,0.0,0.0,1.0,0.0,0.0,0.0,0.0,0.0,0.0,2880.0,0.0,0.0,0.0,minsum,1.0,0.0,1.0,10.0,0.0,,0.0,0.37292756063084187,dcop_minsum,dcop_minsum,msg_drop,1.0,6,0
dcop_minsum,24,40,ring_plus,46,4,-14.0,14.0,0.30434782608695654,14.0,0.0,1.0,0.0,0.0,3680.0,0.0,0.0,1.0,0.0,0.0,0.0,0.0,0.0,0.0,3680.0,0.0,0.0,0.0,minsum,1.0,0.0,1.0,14.0,0.0,,0.0,0.3541200301325499,dcop_minsum,dcop_minsum,msg_drop,1.0,7,0
dcop_minsum,24,40,ring_plus,41,4,-4.0,4.0,0.0975609756097561,4.0,0.0,1.0,0.0,0.0,3280.0,0.0,0.0,1.0,0.0,0.0,0.0,0.0,0.0,0.0,3280.0,0.0,0.0,0.0,minsum,1.0,0.0,1.0,4.0,0.0,,0.0,0.6798047431008131,dcop_minsum,dcop_minsum,msg_drop,1.0,8,0
dcop_minsum,24,40,ring_plus,50,4,-11.0,11.0,0.22,11.0,0.0,1.0,0.0,0.0,4000.0,0.0,0.0,1.0,0.0,0.0,0.0,0.0,0.0,0.0,4000.0,0.0,0.0,0.0,minsum,1.0,0.0,1.0,11.0,0.0,,0.0,0.9519929129079138,dcop_minsum,dcop_minsum,msg_drop,1.0,9,0
dcop_minsum,24,40,ring_plus,36,4,-0.0,0.0,0.0,0.0,0.0,0.0,0.0,0.0,2880.0,2880.0,1.0,0.0,368640.0,128.0,0.0,2880.0,0.0,0.0,0.0,0.0,0.0,0.0,minsum,2.7735009811261474e-07,0.7963016814719625,1.0,0.0,-0.325,2.0,1.0,0.5162054954881106,dcop_minsum,dcop_minsum,latency,0.0,0,0
dcop_minsum,24,40,ring_plus,51,4,-0.0,0.0,0.0,0.0,0.0,0.0,0.0,0.0,4080.0,4080.0,1.0,0.0,522240.0,128.0,0.0,4080.0,0.0,0.0,0.0,0.0,0.0,0.0,minsum,0.012690146647762898,0.48613104022524123,0.975,0.0,-0.225,5.0,1.0,0.6661370859762062,dcop_minsum,dcop_minsum,latency,0.0,1,0
dcop_minsum,24,40,ring_plus,46,4,-0.0,0.0,0.0,0.0,0.0,0.0,0.0,0.0,3680.0,3680.0,1.0,0.0,471040.0,128.0,0.0,3680.0,0.0,0.0,0.0,0.0,0.0,0.0,minsum,0.17379987613064898,0.3440488199075741,0.975,0.0,-0.3,9.0,1.0,0.5767138582645176,dcop_minsum,dcop_minsum,latency,0.0,2,0
dcop_minsum,24,40,ring_plus,41,4,-0.0,0.0,0.0,0.0,0.0,0.0,0.0,0.0,3280.0,3280.0,1.0,0.0,419840.0,128.0,0.0,3280.0,0.0,0.0,0.0,0.0,0.0,0.0,minsum,0.00011748246994956398,0.6462804036489715,1.0,0.0,-0.275,3.0,1.0,0.7280978425891074,dcop_minsum,dcop_minsum,latency,0.0,3,0
dcop_minsum,24,40,ring_plus,45,4,-0.0,0.0,0.0,0.0,0.0,0.0,0.0,0.0,3600.0,3600.0,1.0,0.0,460800.0,128.0,0.0,3600.0,0.0,0.0,0.0,0.0,0.0,0.0,minsum,0.1857591806955914,0.30896466781109466,0.925,0.0,-0.35,9.0,1.0,0.5276394113913421,dcop_minsum,dcop_minsum,latency,0.0,4,0
dcop_minsum,24,40,ring_plus,46,4,-17.0,17.0,0.3695652173913043,17.0,0.0,0.0,0.0,0.0,3680.0,3680.0,1.0,0.0,471040.0,128.0,0.0,3680.0,0.0,0.0,0.0,0.0,0.0,0.0,minsum,1.0,0.0,0.5,14.5,0.2,,0.0,0.6625865705641144,dcop_minsum,dcop_minsum,latency,0.0,5,0
dcop_minsum,24,40,ring_plus,36,4,-0.0,0.0,0.0,0.0,0.0,0.0,0.0,0.0,2880.0,2880.0,1.0,0.0,368640.0,128.0,0.0,2880.0,0.0,0.0,0.0,0.0,0.0,0.0,minsum,0.0001071773462536297,0.6624067863220915,1.0,0.0,-0.25,3.0,1.0,0.37292756063084187,dcop_minsum,dcop_minsum,latency,0.0,6,0
dcop_minsum,24,40,ring_plus,46,4,-3.0,3.0,0.06521739130434782,3.0,0.0,0.0030570652173913045,0.0,0.0,3680.0,3680.0,1.0,0.0,471040.0,128.0,0.0,3680.0,0.0,0.0,0.0,0.0,0.0,0.0,minsum,0.07535223114927193,0.38537952174811885,0.55,2.625,-0.275,7.0,1.0,0.3541200301325499,dcop_minsum,dcop_minsum,latency,0.0,7,0
dcop_minsum,24,40,ring_plus,41,4,-3.0,3.0,0.07317073170731707,3.0,0.0,0.0,0.0,0.0,3280.0,3280.0,1.0,0.0,419840.0,128.0,0.0,3280.0,0.0,0.0,0.0,0.0,0.0,0.0,minsum,0.08356746304268925,0.363822955280949,0.625,1.75,-0.025,7.0,1.0,0.6798047431008131,dcop_minsum,dcop_minsum,latency,0.0,8,0
dcop_minsum,24,40,ring_plus,50,4,-0.0,0.0,0.0,0.0,0.0,0.0,0.0,0.0,4000.0,4000.0,1.0,0.0,512000.0,128.0,0.0,4000.0,0.0,0.0,0.0,0.0,0.0,0.0,minsum,0.00010961502039017447,0.6653822987978404,1.0,0.0,-0.275,3.0,1.0,0.9519929129079138,dcop_minsum,dcop_minsum,latency,0.0,9,0
dcop_minsum,24,40,ring_plus,36,4,-0.0,0.0,0.0,0.0,0.0,0.0,1.0,1.0,2880.0,2808.0,0.975,0.025000000000000022,359424.0,128.0,0.0,2808.0,0.0,0.0,0.0,0.0,0.0,0.0,minsum,0.0019766054745057,0.5631367058190282,1.0,0.0,-0.325,4.0,1.0,0.5162054954881106,dcop_minsum,dcop_minsum,latency,1.0,0,0
dcop_minsum,24,40,ring_plus,51,4,-0.0,0.0,0.0,0.0,0.0,0.0,1.0,1.0,4080.0,3978.0,0.975,0.025000000000000022,509184.0,128.0,0.0,3978.0,0.0,0.0,0.0,0.0,0.0,0.0,minsum,0.22837900719682766,0.3193305256823661,0.975,0.0,-0.225,10.0,1.0,0.6661370859762062,dcop_minsum,dcop_minsum,latency,1.0,1,0
dcop_minsum,24,40,ring_plus,46,4,-0.0,0.0,0.0,0.0,0.0,0.0,1.0,1.0,3680.0,3588.0,0.975,0.025000000000000022,459264.0,128.0,0.0,3588.0,0.0,0.0,0.0,0.0,0.0,0.0,minsum,0.5690916608396444,0.23284629827360837,0.975,0.0,-0.3,18.0,1.0,0.5767138582645176,dcop_minsum,dcop_minsum,latency,1.0,2,0
dcop_minsum,24,40,ring_plus,41,4,-0.0,0.0,0.0,0.0,0.0,0.0,1.0,1.0,3280.0,3198.0,0.975,0.025000000000000022,409344.0,128.0,0.0,3198.0,0.0,0.0,0.0,0.0,0.0,0.0,minsum,0.034957140801814356,0.43412101781881673,1.0,0.0,-0.275,6.0,1.0,0.7280978425891074,dcop_minsum,dcop_minsum,latency,1.0,3,0
dcop_minsum,24,40,ring_plus,45,4,-0.0,0.0,0.0,0.0,0.0,0.0,1.0,1.0,3600.0,3510.0,0.975,0.025000000000000022,449280.0,128.0,0.0,3510.0,0.0,0.0,0.0,0.0,0.0,0.0,minsum,0.5956200044063278,0.19109051128420163,0.925,0.0,-0.35,18.0,1.0,0.5276394113913421,dcop_minsum,dcop_minsum,latency,1.0,4,0
dcop_minsum,24,40,ring_plus,46,4,-17.0,17.0,0.3695652173913043,17.0,0.0,0.0,1.0,1.0,3680.0,3588.0,0.975,0.025000000000000022,459264.0,128.0,0.0,3588.0,0.0,0.0,0.0,0.0,0.0,0.0,minsum,0.6666666666666666,0.75,0.75,14.25,0.2,,0.0,0.6625865705641144,dcop_minsum,dcop_minsum,latency,1.0,5,0
dcop_minsum,24,40,ring_plus,36,4,-0.0,0.0,0.0,0.0,0.0,0.0,1.0,1.0,2880.0,2808.0,0.975,0.025000000000000022,359424.0,128.0,0.0,2808.0,0.0,0.0,0.0,0.0,0.0,0.0,minsum,0.03241537657737789,0.45525849973504107,1.0,0.0,-0.25,6.0,1.0,0.37292756063084187,dcop_minsum,dcop_minsum,latency,1.0,6,0
dcop_minsum,24,40,ring_plus,46,4,-2.0,2.0,0.043478260869565216,2.0,0.0,0.0010451505016722408,1.0,1.0,3680.0,3588.0,0.975,0.025000000000000022,459264.0,128.0,0.0,3588.0,0.0,0.0,0.0,0.0,0.0,0.0,minsum,0.4350798281881388,0.24816977341928204,0.825,2.375,-0.3,14.0,1.0,0.3541200301325499,dcop_minsum,dcop_minsum,latency,1.0,7,0
dcop_minsum,24,40,ring_plus,41,4,-5.0,5.0,0.12195121951219512,5.0,0.0,0.0,1.0,1.0,3280.0,3198.0,0.975,0.025000000000000022,409344.0,128.0,0.0,3198.0,0.0,0.0,0.0,0.0,0.0,0.0,minsum,0.45967627056621974,0.22257084036368713,0.825,4.0,0.025,14.0,1.0,0.6798047431008131,dcop_minsum,dcop_minsum,latency,1.0,8,0
dcop_minsum,24,40,ring_plus,50,4,-0.0,0.0,0.0,0.0,0.0,0.0,1.0,1.0,4000.0,3900.0,0.975,0.025000000000000022,499200.0,128.0,0.0,3900.0,0.0,0.0,0.0,0.0,0.0,0.0,minsum,0.032455080448466594,0.45916976144795985,1.0,0.0,-0.275,6.0,1.0,0.9519929129079138,dcop_minsum,dcop_minsum,latency,1.0,9,0
dcop_minsum,24,40,ring_plus,36,4,-0.0,0.0,0.0,0.0,0.0,0.0,2.0,2.0,2880.0,2736.0,0.95,0.050000000000000044,350208.0,128.0,0.0,2736.0,0.0,0.0,0.0,0.0,0.0,0.0,minsum,0.032198584598705886,0.44721773452371394,1.0,0.0,-0.325,6.0,1.0,0.5162054954881106,dcop_minsum,dcop_minsum,latency,2.0,0,0
dcop_minsum,24,40,ring_plus,51,4,-0.0,0.0,0.0,0.0,0.0,0.0,2.0,2.0,4080.0,3876.0,0.95,0.050000000000000044,496128.0,128.0,0.0,3876.0,0.0,0.0,0.0,0.0,0.0,0.0,minsum,0.46812980954685474,0.2520625762794926,0.975,0.0,-0.225,15.0,1.0,0.6661370859762062,dcop_minsum,dcop_minsum,latency,2.0,1,0
dcop_minsum,24,40,ring_plus,46,4,-0.0,0.0,0.0,0.0,0.0,0.0,2.0,2.0,3680.0,3496.0,0.95,0.050000000000000044,447488.0,128.0,0.0,3496.0,0.0,0.0,0.0,0.0,0.0,0.0,minsum,0.7478408287051315,0.1935634921502566,0.975,0.0,-0.3,27.0,1.0,0.5767138582645176,dcop_minsum,dcop_minsum,latency,2.0,2,0
dcop_minsum,24,40,ring_plus,41,4,-0.0,0.0,0.0,0.0,0.0,0.0,2.0,2.0,3280.0,3116.0,0.95,0.050000000000000044,398848.0,128.0,0.0,3116.0,0.0,0.0,0.0,0.0,0.0,0.0,minsum,0.1704531728126671,0.33843368358389314,1.0,0.0,-0.275,9.0,1.0,0.7280978425891074,dcop_minsum,dcop_minsum,latency,2.0,3,0
dcop_minsum,24,40,ring_plus,45,4,-0.0,0.0,0.0,0.0,0.0,0.0,2.0,2.0,3600.0,3420.0,0.95,0.050000000000000044,437760.0,128.0,0.0,3420.0,0.0,0.0,0.0,0.0,0.0,0.0,minsum,0.773417399587843,0.1471504046833968,0.925,0.0,-0.35,27.0,1.0,0.5276394113913421,dcop_minsum,dcop_minsum,latency,2.0,4,0
dcop_minsum,24,40,ring_plus,46,4,-8.0,8.0,0.17391304347826086,8.0,0.0,0.0,2.0,2.0,3680.0,3496.0,0.95,0.050000000000000044,447488.0,128.0,0.0,3496.0,0.0,0.0,0.0,0.0,0.0,0.0,minsum,0.7840526816831157,0.5999999999999999,0.85,8.375,-0.025,,0.0,0.6625865705641144,dcop_minsum,dcop_minsum,latency,2.0,5,0
dcop_minsum,24,40,ring_plus,36,4,-0.0,0.0,0.0,0.0,0.0,0.0,2.0,2.0,2880.0,2736.0,0.95,0.050000000000000044,350208.0,128.0,0.0,2736.0,0.0,0.0,0.0,0.0,0.0,0.0,minsum,0.1604993480546594,0.3624206687456245,1.0,0.0,-0.25,9.0,1.0,0.37292756063084187,dcop_minsum,dcop_minsum,latency,2.0,6,0
dcop_minsum,24,40,ring_plus,46,4,-1.0,1.0,0.021739130434782608,1.0,0.0,0.0006435926773455377,2.0,2.0,3680.0,3496.0,0.95,0.050000000000000044,447488.0,128.0,0.0,3496.0,0.0,0.0,0.0,0.0,0.0,0.0,minsum,0.6560263659273905,0.1958266687899587,0.875,1.75,-0.325,21.0,1.0,0.3541200301325499,dcop_minsum,dcop_minsum,latency,2.0,7,0
dcop_minsum,24,40,ring_plus,41,4,-8.0,8.0,0.1951219512195122,8.0,0.0,0.0,2.0,2.0,3280.0,3116.0,0.95,0.050000000000000044,398848.0,128.0,0.0,3116.0,0.0,0.0,0.0,0.0,0.0,0.0,minsum,0.6810554191000909,0.1677983693472539,0.875,5.75,0.1,21.0,1.0,0.6798047431008131,dcop_minsum,dcop_minsum,latency,2.0,8,0
dcop_minsum,24,40,ring_plus,50,4,-0.0,0.0,0.0,0.0,0.0,0.0,2.0,2.0,4000.0,3800.0,0.95,0.050000000000000044,486400.0,128.0,0.0,3800.0,0.0,0.0,0.0,0.0,0.0,0.0,minsum,0.16004375277417468,0.36688210863325244,1.0,0.0,-0.275,9.0,1.0,0.9519929129079138,dcop_minsum,dcop_minsum,latency,2.0,9,0
dcop_minsum,24,40,ring_plus,36,4,-0.0,0.0,0.0,0.0,0.0,0.0,4.0,4.0,2880.0,2592.0,0.9,0.09999999999999998,331776.0,128.0,0.0,2592.0,0.0,0.0,0.0,0.0,0.0,0.0,minsum,0.2138013541494743,0.33261505588380136,1.0,0.0,-0.325,10.0,1.0,0.5162054954881106,dcop_minsum,dcop_minsum,latency,4.0,0,0
dcop_minsum,24,40,ring_plus,51,4,-0.0,0.0,0.0,0.0,0.0,0.0,4.0,4.0,4080.0,3672.0,0.9,0.09999999999999998,470016.0,128.0,0.0,3672.0,0.0,0.0,0.0,0.0,0.0,0.0,minsum,0.7211492665780027,0.19490827276641454,0.975,0.25,-0.225,25.0,1.0,0.6661370859762062,dcop_minsum,dcop_minsum,latency,4.0,1,0
dcop_minsum,24,40,ring_plus,46,4,-1.0,1.0,0.021739130434782608,1.0,0.0,0.0,4.0,4.0,3680.0,3312.0,0.9,0.09999999999999998,423936.0,128.0,0.0,3312.0,0.0,0.0,0.0,0.0,0.0,0.0,minsum,0.9426466513683257,0.6899125718332488,0.975,1.0,-0.275,,0.0,0.5767138582645176,dcop_minsum,dcop_minsum,latency,4.0,2,0
dcop_minsum,24,40,ring_plus,41,4,-0.0,0.0,0.0,0.0,0.0,0.0,4.0,4.0,3280.0,2952.0,0.9,0.09999999999999998,377856.0,128.0,0.0,2952.0,0.0,0.0,0.0,0.0,0.0,0.0,minsum,0.46502541078850973,0.24981763639593335,1.0,0.0,-0.275,15.0,1.0,0.7280978425891074,dcop_minsum,dcop_minsum,latency,4.0,3,0
dcop_minsum,24,40,ring_plus,45,4,-1.0,1.0,0.022222222222222223,1.0,0.0,0.0,4.0,4.0,3600.0,3240.0,0.9,0.09999999999999998,414720.0,128.0,0.0,3240.0,0.0,0.0,0.0,0.0,0.0,0.0,minsum,0.9818090053592908,0.11935538048918626,0.925,3.5,-0.325,,0.0,0.5276394113913421,dcop_minsum,dcop_minsum,latency,4.0,4,0
dcop_minsum,24,40,ring_plus,46,4,-6.0,6.0,0.13043478260869565,6.0,0.0,0.0,4.0,4.0,3680.0,3312.0,0.9,0.09999999999999998,423936.0,128.0,0.0,3312.0,0.0,0.0,0.0,0.0,0.0,0.0,minsum,0.8906113216902892,0.4285714285714287,0.925,7.625,-0.075,,0.0,0.6625865705641144,dcop_minsum,dcop_minsum,latency,4.0,5,0
dcop_minsum,24,40,ring_plus,36,4,-0.0,0.0,0.0,0.0,0.0,0.0,4.0,4.0,2880.0,2592.0,0.9,0.09999999999999998,331776.0,128.0,0.0,2592.0,0.0,0.0,0.0,0.0,0.0,0.0,minsum,0.4459357385999943,0.27757359218003275,1.0,0.0,-0.25,15.0,1.0,0.37292756063084187,dcop_minsum,dcop_minsum,latency,4.0,6,0
dcop_minsum,24,40,ring_plus,46,4,-3.0,3.0,0.06521739130434782,3.0,0.0,0.0,4.0,4.0,3680.0,3312.0,0.9,0.09999999999999998,423936.0,128.0,0.0,3312.0,0.0,0.0,0.0,0.0,0.0,0.0,minsum,0.8348369710038314,0.15301599516619302,0.95,0.625,-0.275,35.0,1.0,0.3541200301325499,dcop_minsum,dcop_minsum,latency,4.0,7,0
dcop_minsum,24,40,ring_plus,41,4,-2.0,2.0,0.04878048780487805,2.0,0.0,0.0,4.0,4.0,3280.0,2952.0,0.9,0.09999999999999998,377856.0,128.0,0.0,2952.0,0.0,0.0,0.0,0.0,0.0,0.0,minsum,0.8541359452591245,0.1213536621734086,0.95,0.75,-0.05,35.0,1.0,0.6798047431008131,dcop_minsum,dcop_minsum,latency,4.0,8,0
dcop_minsum,24,40,ring_plus,50,4,-0.0,0.0,0.0,0.0,0.0,0.0,4.0,4.0,4000.0,3600.0,0.9,0.09999999999999998,460800.0,128.0,0.0,3600.0,0.0,0.0,0.0,0.0,0.0,0.0,minsum,0.4441765048770737,0.2827904707545209,1.0,0.0,-0.275,15.0,1.0,0.9519929129079138,dcop_minsum,dcop_minsum,latency,4.0,9,0
dcop_minsum,24,40,ring_plus,36,4,-0.0,0.0,0.0,0.0,0.0,0.0,8.0,8.0,2880.0,2304.0,0.8,0.19999999999999996,294912.0,128.0,0.0,2304.0,0.0,0.0,0.0,0.0,0.0,0.0,minsum,0.5515639083640709,0.24404762996868035,1.0,0.0,-0.325,18.0,1.0,0.5162054954881106,dcop_minsum,dcop_minsum,latency,8.0,0,0
dcop_minsum,24,40,ring_plus,51,4,-1.0,1.0,0.0196078431372549,1.0,0.0,0.0,8.0,8.0,4080.0,3264.0,0.8,0.19999999999999996,417792.0,128.0,0.0,3264.0,0.0,0.0,0.0,0.0,0.0,0.0,minsum,0.9524164754643001,0.7810990872898023,1.0,1.375,-0.2,,0.0,0.6661370859762062,dcop_minsum,dcop_minsum,latency,8.0,1,0
dcop_minsum,24,40,ring_plus,46,4,-3.0,3.0,0.06521739130434782,3.0,0.0,0.0,8.0,8.0,3680.0,2944.0,0.8,0.19999999999999996,376832.0,128.0,0.0,2944.0,0.0,0.0,0.0,0.0,0.0,0.0,minsum,0.9337183220594224,0.8160653309542192,0.975,2.625,-0.225,,0.0,0.5767138582645176,dcop_minsum,dcop_minsum,latency,8.0,2,0
dcop_minsum,24,40,ring_plus,41,4,-0.0,0.0,0.0,0.0,0.0,0.0,8.0,8.0,3280.0,2624.0,0.8,0.19999999999999996,335872.0,128.0,0.0,2624.0,0.0,0.0,0.0,0.0,0.0,0.0,minsum,0.7482116263434851,0.18593055860187657,1.0,0.0,-0.275,27.0,1.0,0.7280978425891074,dcop_minsum,dcop_minsum,latency,8.0,3,0
dcop_minsum,24,40,ring_plus,45,4,-3.0,3.0,0.06666666666666667,3.0,0.0,0.0,8.0,8.0,3600.0,2880.0,0.8,0.19999999999999996,368640.0,128.0,0.0,2880.0,0.0,0.0,0.0,0.0,0.0,0.0,minsum,0.8992982396011381,0.2727272727272726,0.95,4.5,-0.275,,0.0,0.5276394113913421,dcop_minsum,dcop_minsum,latency,8.0,4,0
dcop_minsum,24,40,ring_plus,46,4,-9.0,9.0,0.1956521739130435,9.0,0.0,0.0,8.0,8.0,3680.0,2944.0,0.8,0.19999999999999996,376832.0,128.0,0.0,2944.0,0.0,0.0,0.0,0.0,0.0,0.0,minsum,0.9567314367694819,0.2727272727272725,0.95,8.625,0.0,,0.0,0.6625865705641144,dcop_minsum,dcop_minsum,latency,8.0,5,0
dcop_minsum,24,40,ring_plus,36,4,-0.0,0.0,0.0,0.0,0.0,0.0,8.0,8.0,2880.0,2304.0,0.8,0.19999999999999996,294912.0,128.0,0.0,2304.0,0.0,0.0,0.0,0.0,0.0,0.0,minsum,0.7291391518064927,0.21900433257808338,1.0,0.0,-0.25,27.0,1.0,0.37292756063084187,dcop_minsum,dcop_minsum,latency,8.0,6,0
dcop_minsum,24,40,ring_plus,46,4,-2.0,2.0,0.043478260869565216,2.0,0.0,0.0,8.0,8.0,3680.0,2944.0,0.8,0.19999999999999996,376832.0,128.0,0.0,2944.0,0.0,0.0,0.0,0.0,0.0,0.0,minsum,0.9086879874481018,0.778773479490084,1.0,2.0,-0.3,,0.0,0.3541200301325499,dcop_minsum,dcop_minsum,latency,8.0,7,0
dcop_minsum,24,40,ring_plus,41,4,-1.0,1.0,0.024390243902439025,1.0,0.0,0.0,8.0,8.0,3280.0,2624.0,0.8,0.19999999999999996,335872.0,128.0,0.0,2624.0,0.0,0.0,0.0,0.0,0.0,0.0,minsum,0.9727794125642946,0.7701810310173677,1.0,1.375,-0.075,,0.0,0.6798047431008131,dcop_minsum,dcop_minsum,latency,8.0,8,0
dcop_minsum,24,40,ring_plus,50,4,-0.0,0.0,0.0,0.0,0.0,0.0,8.0,8.0,4000.0,3200.0,0.8,0.19999999999999996,409600.0,128.0,0.0,3200.0,0.0,0.0,0.0,0.0,0.0,0.0,minsum,0.7268080822384964,0.22533283794466774,1.0,0.0,-0.275,27.0,1.0,0.9519929129079138,dcop_minsum,dcop_minsum,latency,8.0,9,0
dcop_minsum,24,40,ring_plus,36,4,-0.0,0.0,0.0,0.0,8.707872804359111,0.0,0.0,0.0,2880.0,2880.0,1.0,0.0,11520.0,4.0,0.0,2880.0,0.0,0.0,0.0,0.0,0.0,0.0,minsum,0.03934908525685778,0.41524093264481765,1.0,0.0,-0.325,6.0,1.0,0.5162054954881106,dcop_minsum,dcop_minsum,bandwidth,1.0,0,0
dcop_minsum,24,40,ring_plus,51,4,-21.0,21.0,0.4117647058823529,21.0,8.303960935157574,0.0,0.0,0.0,4080.0,4080.0,1.0,0.0,16320.0,4.0,0.0,4080.0,0.0,0.0,0.0,0.0,0.0,0.0,minsum,0.9671148414246411,0.14013514935643234,0.55,18.125,0.3,,0.0,0.6661370859762062,dcop_minsum,dcop_minsum,bandwidth,1.0,1,0
dcop_minsum,24,40,ring_plus,46,4,-16.0,16.0,0.34782608695652173,16.0,8.300511141172322,0.0,0.0,0.0,3680.0,3680.0,1.0,0.0,14720.0,4.0,0.0,3680.0,0.0,0.0,0.0,0.0,0.0,0.0,minsum,1.0,0.0,0.425,11.625,0.1,,0.0,0.5767138582645176,dcop_minsum,dcop_minsum,bandwidth,1.0,2,0
dcop_minsum,24,40,ring_plus,41,4,-7.0,7.0,0.17073170731707318,7.0,8.425678103747636,0.0,0.0,0.0,3280.0,3280.0,1.0,0.0,13120.0,4.0,0.0,3280.0,0.0,0.0,0.0,0.0,0.0,0.0,minsum,0.8447478487215886,0.37052177671716047,0.6,7.0,-0.1,,0.0,0.7280978425891074,dcop_minsum,dcop_minsum,bandwidth,1.0,3,0
dcop_minsum,24,40,ring_plus,45,4,-13.0,13.0,0.28888888888888886,13.0,8.419268365820818,0.0,0.0,0.0,3600.0,3600.0,1.0,0.0,14400.0,4.0,0.0,3600.0,0.0,0.0,0.0,0.0,0.0,0.0,minsum,1.0035247673207757,0.0077883799342620685,0.525,17.125,-0.025,,0.0,0.5276394113913421,dcop_minsum,dcop_minsum,bandwidth,1.0,4,0
dcop_minsum,24,40,ring_plus,46,4,-32.0,32.0,0.6956521739130435,32.0,8.400018283043192,0.0,0.0,0.0,3680.0,3680.0,1.0,0.0,14720.0,4.0,0.0,3680.0,0.0,0.0,0.0,0.0,0.0,0.0,minsum,0.8372763370187409,0.4241431179723758,0.55,21.125,0.575,,0.0,0.6625865705641144,dcop_minsum,dcop_minsum,bandwidth,1.0,5,0
dcop_minsum,24,40,ring_plus,36,4,-2.0,2.0,0.05555555555555555,2.0,8.503003924345471,0.0,0.0,0.0,2880.0,2880.0,1.0,0.0,11520.0,4.0,0.0,2880.0,0.0,0.0,0.0,0.0,0.0,0.0,minsum,0.8916423545091842,0.6974189956668154,0.9,2.0,-0.2,,0.0,0.37292756063084187,dcop_minsum,dcop_minsum,bandwidth,1.0,6,0
dcop_minsum,24,40,ring_plus,46,4,-8.0,8.0,0.17391304347826086,8.0,8.294562038698537,0.0,0.0,0.0,3680.0,3680.0,1.0,0.0,14720.0,4.0,0.0,3680.0,0.0,0.0,0.0,0.0,0.0,0.0,minsum,0.9857606029797532,0.022517786342597712,0.475,9.125,-0.15,,0.0,0.3541200301325499,dcop_minsum,dcop_minsum,bandwidth,1.0,7,0
dcop_minsum,24,40,ring_plus,41,4,-17.0,17.0,0.4146341463414634,17.0,8.557893767457575,0.0,0.0,0.0,3280.0,3280.0,1.0,0.0,13120.0,4.0,0.0,3280.0,0.0,0.0,0.0,0.0,0.0,0.0,minsum,1.0,0.0,0.475,13.5,0.325,,0.0,0.6798047431008131,dcop_minsum,dcop_minsum,bandwidth,1.0,8,0
dcop_minsum,24,40,ring_plus,50,4,-10.0,10.0,0.2,10.0,8.34051831636173,0.0,0.0,0.0,4000.0,4000.0,1.0,0.0,16000.0,4.0,0.0,4000.0,0.0,0.0,0.0,0.0,0.0,0.0,minsum,1.0,0.0,0.525,19.875,-0.025,,0.0,0.9519929129079138,dcop_minsum,dcop_minsum,bandwidth,1.0,9,0
dcop_minsum,24,40,ring_plus,36,4,-0.0,0.0,0.0,0.0,0.9167570055552858,0.0,0.0,0.0,2880.0,2880.0,1.0,0.0,23040.0,8.0,0.0,2880.0,0.0,0.0,0.0,0.0,0.0,0.0,minsum,0.03934908525685778,0.41524093264481765,1.0,0.0,-0.325,6.0,1.0,0.5162054954881106,dcop_minsum,dcop_minsum,bandwidth,2.0,0,0
dcop_minsum,24,40,ring_plus,51,4,-21.0,21.0,0.4117647058823529,21.0,0.8074990173602615,0.0,0.0,0.0,4080.0,4080.0,1.0,0.0,32640.0,8.0,0.0,4080.0,0.0,0.0,0.0,0.0,0.0,0.0,minsum,0.9671148414246411,0.14013514935643234,0.55,18.125,0.3,,0.0,0.6661370859762062,dcop_minsum,dcop_minsum,bandwidth,2.0,1,0
dcop_minsum,24,40,ring_plus,46,4,-16.0,16.0,0.34782608695652173,16.0,0.8066973498741015,0.0,0.0,0.0,3680.0,3680.0,1.0,0.0,29440.0,8.0,0.0,3680.0,0.0,0.0,0.0,0.0,0.0,0.0,minsum,1.0,0.0,0.425,11.625,0.1,,0.0,0.5767138582645176,dcop_minsum,dcop_minsum,bandwidth,2.0,2,0
dcop_minsum,24,40,ring_plus,41,4,-7.0,7.0,0.17073170731707318,7.0,0.8401305063345025,0.0,0.0,0.0,3280.0,3280.0,1.0,0.0,26240.0,8.0,0.0,3280.0,0.0,0.0,0.0,0.0,0.0,0.0,minsum,0.8447478487215886,0.37052177671716047,0.6,7.0,-0.1,,0.0,0.7280978425891074,dcop_minsum,dcop_minsum,bandwidth,2.0,3,0
dcop_minsum,24,40,ring_plus,45,4,-13.0,13.0,0.28888888888888886,13.0,0.838881550500756,0.0,0.0,0.0,3600.0,3600.0,1.0,0.0,28800.0,8.0,0.0,3600.0,0.0,0.0,0.0,0.0,0.0,0.0,minsum,1.0035247673207757,0.0077883799342620685,0.525,17.125,-0.025,,0.0,0.5276394113913421,dcop_minsum,dcop_minsum,bandwidth,2.0,4,0
dcop_minsum,24,40,ring_plus,46,4,-32.0,32.0,0.6956521739130435,32.0,0.8335809601230216,0.0,0.0,0.0,3680.0,3680.0,1.0,0.0,29440.0,8.0,0.0,3680.0,0.0,0.0,0.0,0.0,0.0,0.0,minsum,0.8372763370187409,0.4241431179723758,0.55,21.125,0.575,,0.0,0.6625865705641144,dcop_minsum,dcop_minsum,bandwidth,2.0,5,0
dcop_minsum,24,40,ring_plus,36,4,-2.0,2.0,0.05555555555555555,2.0,0.8619801297052239,0.0,0.0,0.0,2880.0,2880.0,1.0,0.0,23040.0,8.0,0.0,2880.0,0.0,0.0,0.0,0.0,0.0,0.0,minsum,0.8916423545091842,0.6974189956668154,0.9,2.0,-0.2,,0.0,0.37292756063084187,dcop_minsum,dcop_minsum,bandwidth,2.0,6,0
dcop_minsum,24,40,ring_plus,46,4,-8.0,8.0,0.17391304347826086,8.0,0.8048884282533567,0.0,0.0,0.0,3680.0,3680.0,1.0,0.0,29440.0,8.0,0.0,3680.0,0.0,0.0,0.0,0.0,0.0,0.0,minsum,0.9857606029797532,0.022517786342597712,0.475,9.125,-0.15,,0.0,0.3541200301325499,dcop_minsum,dcop_minsum,bandwidth,2.0,7,0
dcop_minsum,24,40,ring_plus,41,4,-17.0,17.0,0.4146341463414634,17.0,0.8762838633449608,0.0,0.0,0.0,3280.0,3280.0,1.0,0.0,26240.0,8.0,0.0,3280.0,0.0,0.0,0.0,0.0,0.0,0.0,minsum,1.0,0.0,0.475,13.5,0.325,,0.0,0.6798047431008131,dcop_minsum,dcop_minsum,bandwidth,2.0,8,0
dcop_minsum,24,40,ring_plus,50,4,-10.0,10.0,0.2,10.0,0.8172729605719339,0.0,0.0,0.0,4000.0,4000.0,1.0,0.0,32000.0,8.0,0.0,4000.0,0.0,0.0,0.0,0.0,0.0,0.0,minsum,1.0,0.0,0.525,19.875,-0.025,,0.0,0.9519929129079138,dcop_minsum,dcop_minsum,bandwidth,2.0,9,0
dcop_minsum,24,40,ring_plus,36,4,-0.0,0.0,0.0,0.0,0.15971185676064023,0.0,0.0,0.0,2880.0,2880.0,1.0,0.0,34560.0,12.0,0.0,2880.0,0.0,0.0,0.0,0.0,0.0,0.0,minsum,0.03934908525685778,0.41524093264481765,1.0,0.0,-0.325,6.0,1.0,0.5162054954881106,dcop_minsum,dcop_minsum,bandwidth,3.0,0,0
dcop_minsum,24,40,ring_plus,51,4,-21.0,21.0,0.4117647058823529,21.0,0.13396670672362773,0.0,0.0,0.0,4080.0,4080.0,1.0,0.0,48960.0,12.0,0.0,4080.0,0.0,0.0,0.0,0.0,0.0,0.0,minsum,0.9671148414246411,0.14013514935643234,0.55,18.125,0.3,,0.0,0.6661370859762062,dcop_minsum,dcop_minsum,bandwidth,3.0,1,0
dcop_minsum,24,40,ring_plus,46,4,-16.0,16.0,0.34782608695652173,16.0,0.13384584571043437,0.0,0.0,0.0,3680.0,3680.0,1.0,0.0,44160.0,12.0,0.0,3680.0,0.0,0.0,0.0,0.0,0.0,0.0,minsum,1.0,0.0,0.425,11.625,0.1,,0.0,0.5767138582645176,dcop_minsum,dcop_minsum,bandwidth,3.0,2,0
dcop_minsum,24,40,ring_plus,41,4,-7.0,7.0,0.17073170731707318,7.0,0.14135535683547412,0.0,0.0,0.0,3280.0,3280.0,1.0,0.0,39360.0,12.0,0.0,3280.0,0.0,0.0,0.0,0.0,0.0,0.0,minsum,0.8447478487215886,0.37052177671716047,0.6,7.0,-0.1,,0.0,0.7280978425891074,dcop_minsum,dcop_minsum,bandwidth,3.0,3,0
dcop_minsum,24,40,ring_plus,45,4,-13.0,13.0,0.28888888888888886,13.0,0.1415299531592958,0.0,0.0,0.0,3600.0,3600.0,1.0,0.0,43200.0,12.0,0.0,3600.0,0.0,0.0,0.0,0.0,0.0,0.0,minsum,1.0035247673207757,0.0077883799342620685,0.525,17.125,-0.025,,0.0,0.5276394113913421,dcop_minsum,dcop_minsum,bandwidth,3.0,4,0
dcop_minsum,24,40,ring_plus,46,4,-32.0,32.0,0.6956521739130435,32.0,0.14019090446906848,0.0,0.0,0.0,3680.0,3680.0,1.0,0.0,44160.0,12.0,0.0,3680.0,0.0,0.0,0.0,0.0,0.0,0.0,minsum,0.8372763370187409,0.4241431179723758,0.55,21.125,0.575,,0.0,0.6625865705641144,dcop_minsum,dcop_minsum,bandwidth,3.0,5,0
dcop_minsum,24,40,ring_plus,36,4,-2.0,2.0,0.05555555555555555,2.0,0.14739123901449186,0.0,0.0,0.0,2880.0,2880.0,1.0,0.0,34560.0,12.0,0.0,2880.0,0.0,0.0,0.0,0.0,0.0,0.0,minsum,0.8916423545091842,0.6974189956668154,0.9,2.0,-0.2,,0.0,0.37292756063084187,dcop_minsum,dcop_minsum,bandwidth,3.0,6,0
dcop_minsum,24,40,ring_plus,46,4,-8.0,8.0,0.17391304347826086,8.0,0.1333183532830348,0.0,0.0,0.0,3680.0,3680.0,1.0,0.0,44160.0,12.0,0.0,3680.0,0.0,0.0,0.0,0.0,0.0,0.0,minsum,0.9857606029797532,0.022517786342597712,0.475,9.125,-0.15,,0.0,0.3541200301325499,dcop_minsum,dcop_minsum,bandwidth,3.0,7,0
dcop_minsum,24,40,ring_plus,41,4,-17.0,17.0,0.4146341463414634,17.0,0.15029062337408922,0.0,0.0,0.0,3280.0,3280.0,1.0,0.0,39360.0,12.0,0.0,3280.0,0.0,0.0,0.0,0.0,0.0,0.0,minsum,1.0,0.0,0.475,13.5,0.325,,0.0,0.6798047431008131,dcop_minsum,dcop_minsum,bandwidth,3.0,8,0
dcop_minsum,24,40,ring_plus,50,4,-10.0,10.0,0.2,10.0,0.13613720464386242,0.0,0.0,0.0,4000.0,4000.0,1.0,0.0,48000.0,12.0,0.0,4000.0,0.0,0.0,0.0,0.0,0.0,0.0,minsum,1.0,0.0,0.525,19.875,-0.025,,0.0,0.9519929129079138,dcop_minsum,dcop_minsum,bandwidth,3.0,9,0
dcop_minsum,24,40,ring_plus,36,4,-0.0,0.0,0.0,0.0,0.032791819890546706,0.0,0.0,0.0,2880.0,2880.0,1.0,0.0,46080.0,16.0,0.0,2880.0,0.0,0.0,0.0,0.0,0.0,0.0,minsum,0.03934908525685778,0.41524093264481765,1.0,0.0,-0.325,6.0,1.0,0.5162054954881106,dcop_minsum,dcop_minsum,bandwidth,4.0,0,0
dcop_minsum,24,40,ring_plus,51,4,-21.0,21.0,0.4117647058823529,21.0,0.02763404580536602,0.0,0.0,0.0,4080.0,4080.0,1.0,0.0,65280.0,16.0,0.0,4080.0,0.0,0.0,0.0,0.0,0.0,0.0,minsum,0.9671148414246411,0.14013514935643234,0.55,18.125,0.3,,0.0,0.6661370859762062,dcop_minsum,dcop_minsum,bandwidth,4.0,1,0
dcop_minsum,24,40,ring_plus,46,4,-16.0,16.0,0.34782608695652173,16.0,0.027778218097996073,0.0,0.0,0.0,3680.0,3680.0,1.0,0.0,58880.0,16.0,0.0,3680.0,0.0,0.0,0.0,0.0,0.0,0.0,minsum,1.0,0.0,0.425,11.625,0.1,,0.0,0.5767138582645176,dcop_minsum,dcop_minsum,bandwidth,4.0,2,0
dcop_minsum,24,40,ring_plus,41,4,-7.0,7.0,0.17073170731707318,7.0,0.02905185839542126,0.0,0.0,0.0,3280.0,3280.0,1.0,0.0,52480.0,16.0,0.0,3280.0,0.0,0.0,0.0,0.0,0.0,0.0,minsum,0.8447478487215886,0.37052177671716047,0.6,7.0,-0.1,,0.0,0.7280978425891074,dcop_minsum,dcop_minsum,bandwidth,4.0,3,0
dcop_minsum,24,40,ring_plus,45,4,-13.0,13.0,0.28888888888888886,13.0,0.02929373393915818,0.0,0.0,0.0,3600.0,3600.0,1.0,0.0,57600.0,16.0,0.0,3600.0,0.0,0.0,0.0,0.0,0.0,0.0,minsum,1.0035247673207757,0.0077883799342620685,0.525,17.125,-0.025,,0.0,0.5276394113913421,dcop_minsum,dcop_minsum,bandwidth,4.0,4,0
dcop_minsum,24,40,ring_plus,46,4,-32.0,32.0,0.6956521739130435,32.0,0.02902442071386162,0.0,0.0,0.0,3680.0,3680.0,1.0,0.0,58880.0,16.0,0.0,3680.0,0.0,0.0,0.0,0.0,0.0,0.0,minsum,0.8372763370187409,0.4241431179723758,0.55,21.125,0.575,,0.0,0.6625865705641144,dcop_minsum,dcop_minsum,bandwidth,4.0,5,0
dcop_minsum,24,40,ring_plus,36,4,-2.0,2.0,0.05555555555555555,2.0,0.030704506021590885,0.0,0.0,0.0,2880.0,2880.0,1.0,0.0,46080.0,16.0,0.0,2880.0,0.0,0.0,0.0,0.0,0.0,0.0,minsum,0.8916423545091842,0.6974189956668154,0.9,2.0,-0.2,,0.0,0.37292756063084187,dcop_minsum,dcop_minsum,bandwidth,4.0,6,0
dcop_minsum,24,40,ring_plus,46,4,-8.0,8.0,0.17391304347826086,8.0,0.027307347336589276,0.0,0.0,0.0,3680.0,3680.0,1.0,0.0,58880.0,16.0,0.0,3680.0,0.0,0.0,0.0,0.0,0.0,0.0,minsum,0.9857606029797532,0.022517786342597712,0.45,9.125,-0.15,,0.0,0.3541200301325499,dcop_minsum,dcop_minsum,bandwidth,4.0,7,0
dcop_minsum,24,40,ring_plus,41,4,-17.0,17.0,0.4146341463414634,17.0,0.03099472346652542,0.0,0.0,0.0,3280.0,3280.0,1.0,0.0,52480.0,16.0,0.0,3280.0,0.0,0.0,0.0,0.0,0.0,0.0,minsum,1.0,0.0,0.475,13.5,0.325,,0.0,0.6798047431008131,dcop_minsum,dcop_minsum,bandwidth,4.0,8,0
dcop_minsum,24,40,ring_plus,50,4,-10.0,10.0,0.2,10.0,0.028118551737285672,0.0,0.0,0.0,4000.0,4000.0,1.0,0.0,64000.0,16.0,0.0,4000.0,0.0,0.0,0.0,0.0,0.0,0.0,minsum,1.0,0.0,0.525,19.875,-0.025,,0.0,0.9519929129079138,dcop_minsum,dcop_minsum,bandwidth,4.0,9,0
dcop_minsum,24,40,ring_plus,36,4,-2.0,2.0,0.05555555555555555,2.0,5.196464625275199e-05,0.0,0.0,0.0,2880.0,2880.0,1.0,0.0,92160.0,32.0,0.0,2880.0,0.0,0.0,0.0,0.0,0.0,0.0,minsum,1.0,0.0,0.975,2.0,-0.275,,0.0,0.5162054954881106,dcop_minsum,dcop_minsum,bandwidth,8.0,0,0
dcop_minsum,24,40,ring_plus,51,4,-2.0,2.0,0.0392156862745098,2.0,5.080138736369236e-05,0.0,0.0,0.0,4080.0,4080.0,1.0,0.0,130560.0,32.0,0.0,4080.0,0.0,0.0,0.0,0.0,0.0,0.0,minsum,1.0,0.0,0.9,2.0,-0.175,,0.0,0.6661370859762062,dcop_minsum,dcop_minsum,bandwidth,8.0,1,0
dcop_minsum,24,40,ring_plus,46,4,-7.0,7.0,0.15217391304347827,7.0,5.459142451658892e-05,0.0,0.0,0.0,3680.0,3680.0,1.0,0.0,117760.0,32.0,0.0,3680.0,0.0,0.0,0.0,0.0,0.0,0.0,minsum,1.0,0.0,0.625,9.75,-0.125,,0.0,0.5767138582645176,dcop_minsum,dcop_minsum,bandwidth,8.0,2,0
dcop_minsum,24,40,ring_plus,41,4,-0.0,0.0,0.0,0.0,4.9866387143759975e-05,0.0,0.0,0.0,3280.0,3280.0,1.0,0.0,104960.0,32.0,0.0,3280.0,0.0,0.0,0.0,0.0,0.0,0.0,minsum,0.0022080522064700263,0.5658166364229473,1.0,0.0,-0.275,4.0,1.0,0.7280978425891074,dcop_minsum,dcop_minsum,bandwidth,8.0,3,0
dcop_minsum,24,40,ring_plus,45,4,-0.0,0.0,0.0,0.0,5.489757737270452e-05,0.0,0.0,0.0,3600.0,3600.0,1.0,0.0,115200.0,32.0,0.0,3600.0,0.0,0.0,0.0,0.0,0.0,0.0,minsum,0.03872801251703989,0.40714811407788243,0.55,3.5,-0.35,6.0,1.0,0.5276394113913421,dcop_minsum,dcop_minsum,bandwidth,8.0,4,0
dcop_minsum,24,40,ring_plus,46,4,-8.0,8.0,0.17391304347826086,8.0,5.3188066367831904e-05,0.0,0.0,0.0,3680.0,3680.0,1.0,0.0,117760.0,32.0,0.0,3680.0,0.0,0.0,0.0,0.0,0.0,0.0,minsum,0.8480992076859382,0.3307489050007585,0.55,8.75,-0.025,,0.0,0.6625865705641144,dcop_minsum,dcop_minsum,bandwidth,8.0,5,0
dcop_minsum,24,40,ring_plus,36,4,-1.0,1.0,0.027777777777777776,1.0,4.894224914120454e-05,0.0,0.0,0.0,2880.0,2880.0,1.0,0.0,92160.0,32.0,0.0,2880.0,0.0,0.0,0.0,0.0,0.0,0.0,minsum,0.5011872336272725,0.8816333868740756,0.975,1.0,-0.225,,0.0,0.37292756063084187,dcop_minsum,dcop_minsum,bandwidth,8.0,6,0
dcop_minsum,24,40,ring_plus,46,4,-3.0,3.0,0.06521739130434782,3.0,5.057809901969486e-05,0.0,0.0,0.0,3680.0,3680.0,1.0,0.0,117760.0,32.0,0.0,3680.0,0.0,0.0,0.0,0.0,0.0,0.0,minsum,0.9272460867544609,0.1589781871099073,0.6,5.75,-0.275,,0.0,0.3541200301325499,dcop_minsum,dcop_minsum,bandwidth,8.0,7,0
dcop_minsum,24,40,ring_plus,41,4,-4.0,4.0,0.0975609756097561,4.0,5.667737319037584e-05,0.0,0.0,0.0,3280.0,3280.0,1.0,0.0,104960.0,32.0,0.0,3280.0,0.0,0.0,0.0,0.0,0.0,0.0,minsum,0.9945967535720734,0.007663711128474415,0.6,7.0,0.0,,0.0,0.6798047431008131,dcop_minsum,dcop_minsum,bandwidth,8.0,8,0
dcop_minsum,24,40,ring_plus,50,4,-0.0,0.0,0.0,0.0,4.383644260402948e-05,0.0,0.0,0.0,4000.0,4000.0,1.0,0.0,128000.0,32.0,0.0,4000.0,0.0,0.0,0.0,0.0,0.0,0.0,minsum,0.00011748246994956398,0.6462804036489715,1.0,0.0,-0.275,3.0,1.0,0.9519929129079138,dcop_minsum,dcop_minsum,bandwidth,8.0,9,0
dcop_minsum,24,40,ring_plus,36,4,-0.0,0.0,0.0,0.0,0.0,0.0,0.0,0.0,2880.0,2880.0,1.0,0.0,368640.0,128.0,0.0,2880.0,0.0,0.0,0.0,0.0,0.0,0.0,minsum,2.7735009811261474e-07,0.7963016814719625,1.0,0.0,-0.325,2.0,1.0,0.5162054954881106,dcop_minsum,dcop_minsum,bandwidth,0.0,0,0
dcop_minsum,24,40,ring_plus,51,4,-0.0,0.0,0.0,0.0,0.0,0.0,0.0,0.0,4080.0,4080.0,1.0,0.0,522240.0,128.0,0.0,4080.0,0.0,0.0,0.0,0.0,0.0,0.0,minsum,0.012690146647762898,0.48613104022524123,0.975,0.0,-0.225,5.0,1.0,0.6661370859762062,dcop_minsum,dcop_minsum,bandwidth,0.0,1,0
dcop_minsum,24,40,ring_plus,46,4,-0.0,0.0,0.0,0.0,0.0,0.0,0.0,0.0,3680.0,3680.0,1.0,0.0,471040.0,128.0,0.0,3680.0,0.0,0.0,0.0,0.0,0.0,0.0,minsum,0.17379987613064898,0.3440488199075741,0.975,0.0,-0.3,9.0,1.0,0.5767138582645176,dcop_minsum,dcop_minsum,bandwidth,0.0,2,0
dcop_minsum,24,40,ring_plus,41,4,-0.0,0.0,0.0,0.0,0.0,0.0,0.0,0.0,3280.0,3280.0,1.0,0.0,419840.0,128.0,0.0,3280.0,0.0,0.0,0.0,0.0,0.0,0.0,minsum,0.00011748246994956398,0.6462804036489715,1.0,0.0,-0.275,3.0,1.0,0.7280978425891074,dcop_minsum,dcop_minsum,bandwidth,0.0,3,0
dcop_minsum,24,40,ring_plus,45,4,-0.0,0.0,0.0,0.0,0.0,0.0,0.0,0.0,3600.0,3600.0,1.0,0.0,460800.0,128.0,0.0,3600.0,0.0,0.0,0.0,0.0,0.0,0.0,minsum,0.1857591806955914,0.30896466781109466,0.925,0.0,-0.35,9.0,1.0,0.5276394113913421,dcop_minsum,dcop_minsum,bandwidth,0.0,4,0
dcop_minsum,24,40,ring_plus,46,4,-17.0,17.0,0.3695652173913043,17.0,0.0,0.0,0.0,0.0,3680.0,3680.0,1.0,0.0,471040.0,128.0,0.0,3680.0,0.0,0.0,0.0,0.0,0.0,0.0,minsum,1.0,0.0,0.5,14.5,0.2,,0.0,0.6625865705641144,dcop_minsum,dcop_minsum,bandwidth,0.0,5,0
dcop_minsum,24,40,ring_plus,36,4,-0.0,0.0,0.0,0.0,0.0,0.0,0.0,0.0,2880.0,2880.0,1.0,0.0,368640.0,128.0,0.0,2880.0,0.0,0.0,0.0,0.0,0.0,0.0,minsum,0.0001071773462536297,0.6624067863220915,1.0,0.0,-0.25,3.0,1.0,0.37292756063084187,dcop_minsum,dcop_minsum,bandwidth,0.0,6,0
dcop_minsum,24,40,ring_plus,46,4,-3.0,3.0,0.06521739130434782,3.0,0.0,0.0030570652173913045,0.0,0.0,3680.0,3680.0,1.0,0.0,471040.0,128.0,0.0,3680.0,0.0,0.0,0.0,0.0,0.0,0.0,minsum,0.07535223114927193,0.38537952174811885,0.55,2.625,-0.275,7.0,1.0,0.3541200301325499,dcop_minsum,dcop_minsum,bandwidth,0.0,7,0
dcop_minsum,24,40,ring_plus,41,4,-3.0,3.0,0.07317073170731707,3.0,0.0,0.0,0.0,0.0,3280.0,3280.0,1.0,0.0,419840.0,128.0,0.0,3280.0,0.0,0.0,0.0,0.0,0.0,0.0,minsum,0.08356746304268925,0.363822955280949,0.625,1.75,-0.025,7.0,1.0,0.6798047431008131,dcop_minsum,dcop_minsum,bandwidth,0.0,8,0
dcop_minsum,24,40,ring_plus,50,4,-0.0,0.0,0.0,0.0,0.0,0.0,0.0,0.0,4000.0,4000.0,1.0,0.0,512000.0,128.0,0.0,4000.0,0.0,0.0,0.0,0.0,0.0,0.0,minsum,0.00010961502039017447,0.6653822987978404,1.0,0.0,-0.275,3.0,1.0,0.9519929129079138,dcop_minsum,dcop_minsum,bandwidth,0.0,9,0
dcop_minsum,24,40,ring_plus,36,4,-0.0,0.0,0.0,0.0,0.0,0.0,0.0,0.0,2880.0,2880.0,1.0,0.0,368640.0,128.0,0.0,2880.0,0.0,0.0,0.0,0.0,0.0,0.0,minsum,2.7735009811261474e-07,0.7963016814719625,1.0,0.0,-0.325,2.0,1.0,0.5162054954881106,dcop_minsum,dcop_minsum,spoof,0.0,0,0
dcop_minsum,24,40,ring_plus,51,4,-0.0,0.0,0.0,0.0,0.0,0.0,0.0,0.0,4080.0,4080.0,1.0,0.0,522240.0,128.0,0.0,4080.0,0.0,0.0,0.0,0.0,0.0,0.0,minsum,0.012690146647762898,0.48613104022524123,0.975,0.0,-0.225,5.0,1.0,0.6661370859762062,dcop_minsum,dcop_minsum,spoof,0.0,1,0
dcop_minsum,24,40,ring_plus,46,4,-0.0,0.0,0.0,0.0,0.0,0.0,0.0,0.0,3680.0,3680.0,1.0,0.0,471040.0,128.0,0.0,3680.0,0.0,0.0,0.0,0.0,0.0,0.0,minsum,0.17379987613064898,0.3440488199075741,0.975,0.0,-0.3,9.0,1.0,0.5767138582645176,dcop_minsum,dcop_minsum,spoof,0.0,2,0
dcop_minsum,24,40,ring_plus,41,4,-0.0,0.0,0.0,0.0,0.0,0.0,0.0,0.0,3280.0,3280.0,1.0,0.0,419840.0,128.0,0.0,3280.0,0.0,0.0,0.0,0.0,0.0,0.0,minsum,0.00011748246994956398,0.6462804036489715,1.0,0.0,-0.275,3.0,1.0,0.7280978425891074,dcop_minsum,dcop_minsum,spoof,0.0,3,0
dcop_minsum,24,40,ring_plus,45,4,-0.0,0.0,0.0,0.0,0.0,0.0,0.0,0.0,3600.0,3600.0,1.0,0.0,460800.0,128.0,0.0,3600.0,0.0,0.0,0.0,0.0,0.0,0.0,minsum,0.1857591806955914,0.30896466781109466,0.925,0.0,-0.35,9.0,1.0,0.5276394113913421,dcop_minsum,dcop_minsum,spoof,0.0,4,0
dcop_minsum,24,40,ring_plus,46,4,-17.0,17.0,0.3695652173913043,17.0,0.0,0.0,0.0,0.0,3680.0,3680.0,1.0,0.0,471040.0,128.0,0.0,3680.0,0.0,0.0,0.0,0.0,0.0,0.0,minsum,1.0,0.0,0.5,14.5,0.2,,0.0,0.6625865705641144,dcop_minsum,dcop_minsum,spoof,0.0,5,0
dcop_minsum,24,40,ring_plus,36,4,-0.0,0.0,0.0,0.0,0.0,0.0,0.0,0.0,2880.0,2880.0,1.0,0.0,368640.0,128.0,0.0,2880.0,0.0,0.0,0.0,0.0,0.0,0.0,minsum,0.0001071773462536297,0.6624067863220915,1.0,0.0,-0.25,3.0,1.0,0.37292756063084187,dcop_minsum,dcop_minsum,spoof,0.0,6,0
dcop_minsum,24,40,ring_plus,46,4,-3.0,3.0,0.06521739130434782,3.0,0.0,0.0030570652173913045,0.0,0.0,3680.0,3680.0,1.0,0.0,471040.0,128.0,0.0,3680.0,0.0,0.0,0.0,0.0,0.0,0.0,minsum,0.07535223114927193,0.38537952174811885,0.55,2.625,-0.275,7.0,1.0,0.3541200301325499,dcop_minsum,dcop_minsum,spoof,0.0,7,0
dcop_minsum,24,40,ring_plus,41,4,-3.0,3.0,0.07317073170731707,3.0,0.0,0.0,0.0,0.0,3280.0,3280.0,1.0,0.0,419840.0,128.0,0.0,3280.0,0.0,0.0,0.0,0.0,0.0,0.0,minsum,0.08356746304268925,0.363822955280949,0.625,1.75,-0.025,7.0,1.0,0.6798047431008131,dcop_minsum,dcop_minsum,spoof,0.0,8,0
dcop_minsum,24,40,ring_plus,50,4,-0.0,0.0,0.0,0.0,0.0,0.0,0.0,0.0,4000.0,4000.0,1.0,0.0,512000.0,128.0,0.0,4000.0,0.0,0.0,0.0,0.0,0.0,0.0,minsum,0.00010961502039017447,0.6653822987978404,1.0,0.0,-0.275,3.0,1.0,0.9519929129079138,dcop_minsum,dcop_minsum,spoof,0.0,9,0
dcop_minsum,24,40,ring_plus,36,4,-9.0,9.0,0.25,9.0,0.10777690087618039,0.0,0.0,0.0,2880.0,2880.0,1.0,0.0,368640.0,128.0,0.0,2578.0,0.0,302.0,0.0,0.0,0.0,0.0,minsum,0.9784176841379145,0.16652444240428266,0.6,5.75,-0.1,,0.0,0.5162054954881106,dcop_minsum,dcop_minsum,spoof,0.1,0,0
dcop_minsum,24,40,ring_plus,51,4,-11.0,11.0,0.21568627450980393,11.0,0.10524135934620615,0.0,0.0,0.0,4080.0,4080.0,1.0,0.0,522240.0,128.0,0.0,3649.0,0.0,431.0,0.0,0.0,0.0,0.0,minsum,1.0,0.0,0.525,15.25,0.05,,0.0,0.6661370859762062,dcop_minsum,dcop_minsum,spoof,0.1,1,0
dcop_minsum,24,40,ring_plus,46,4,-12.0,12.0,0.2608695652173913,12.0,0.10381543750907433,0.0,0.0,0.0,3680.0,3680.0,1.0,0.0,471040.0,128.0,0.0,3291.0,0.0,389.0,0.0,0.0,0.0,0.0,minsum,0.9633077472057014,0.43188376630992587,0.625,9.625,0.0,,0.0,0.5767138582645176,dcop_minsum,dcop_minsum,spoof,0.1,2,0
dcop_minsum,24,40,ring_plus,41,4,-11.0,11.0,0.2682926829268293,11.0,0.09383675754638494,0.0,0.0,0.0,3280.0,3280.0,1.0,0.0,419840.0,128.0,0.0,2974.0,0.0,306.0,0.0,0.0,0.0,0.0,minsum,0.9842916974123765,0.10516325900921175,0.55,9.75,0.0,,0.0,0.7280978425891074,dcop_minsum,dcop_minsum,spoof,0.1,3,0
dcop_minsum,24,40,ring_plus,45,4,-9.0,9.0,0.2,9.0,0.10631819287579776,0.0,0.0,0.0,3600.0,3600.0,1.0,0.0,460800.0,128.0,0.0,3225.0,0.0,375.0,0.0,0.0,0.0,0.0,minsum,1.0055951515851564,0.005553233473242103,0.525,10.875,-0.125,,0.0,0.5276394113913421,dcop_minsum,dcop_minsum,spoof,0.1,4,0
dcop_minsum,24,40,ring_plus,46,4,-5.0,5.0,0.10869565217391304,5.0,0.10066359178978451,0.0,0.0,0.0,3680.0,3680.0,1.0,0.0,471040.0,128.0,0.0,3307.0,0.0,373.0,0.0,0.0,0.0,0.0,minsum,0.9909042232871468,0.058014901185920786,0.55,11.5,-0.1,,0.0,0.6625865705641144,dcop_minsum,dcop_minsum,spoof,0.1,5,0
dcop_minsum,24,40,ring_plus,36,4,-6.0,6.0,0.16666666666666666,6.0,0.0963590459148824,0.0,0.0,0.0,2880.0,2880.0,1.0,0.0,368640.0,128.0,0.0,2611.0,0.0,269.0,0.0,0.0,0.0,0.0,minsum,0.9909453226545658,0.02656578290710332,0.55,8.75,-0.1,,0.0,0.37292756063084187,dcop_minsum,dcop_minsum,spoof,0.1,6,0
dcop_minsum,24,40,ring_plus,46,4,-12.0,12.0,0.2608695652173913,12.0,0.10233942507069115,0.0,0.0,0.0,3680.0,3680.0,1.0,0.0,471040.0,128.0,0.0,3314.0,0.0,366.0,0.0,0.0,0.0,0.0,minsum,0.9961833364178059,0.004646362101941581,0.475,10.5,-0.05,,0.0,0.3541200301325499,dcop_minsum,dcop_minsum,spoof,0.1,7,0
dcop_minsum,24,40,ring_plus,41,4,-8.0,8.0,0.1951219512195122,8.0,0.10508442689085568,0.0,0.0,0.0,3280.0,3280.0,1.0,0.0,419840.0,128.0,0.0,2910.0,0.0,370.0,0.0,0.0,0.0,0.0,minsum,0.9667968364438143,0.04553199037734168,0.475,9.75,0.1,,0.0,0.6798047431008131,dcop_minsum,dcop_minsum,spoof,0.1,8,0
dcop_minsum,24,40,ring_plus,50,4,-13.0,13.0,0.26,13.0,0.10436233966897722,0.0,0.0,0.0,4000.0,4000.0,1.0,0.0,512000.0,128.0,0.0,3592.0,0.0,408.0,0.0,0.0,0.0,0.0,minsum,1.0003041380551463,0.00012622490155855814,0.475,12.5,0.05,,0.0,0.9519929129079138,dcop_minsum,dcop_minsum,spoof,0.1,9,0
dcop_minsum,24,40,ring_plus,36,4,-4.0,4.0,0.1111111111111111,4.0,0.3114453506512892,0.0,0.0,0.0,2880.0,2880.0,1.0,0.0,368640.0,128.0,0.0,2009.0,0.0,871.0,0.0,0.0,0.0,0.0,minsum,0.938204906236236,0.22753167067773217,0.625,8.0,-0.225,,0.0,0.5162054954881106,dcop_minsum,dcop_minsum,spoof,0.3,0,0
dcop_minsum,24,40,ring_plus,51,4,-10.0,10.0,0.19607843137254902,10.0,0.3050088320121091,0.0,0.0,0.0,4080.0,4080.0,1.0,0.0,522240.0,128.0,0.0,2878.0,0.0,1202.0,0.0,0.0,0.0,0.0,minsum,1.0033656913591282,0.016354852823884936,0.65,12.125,0.025,,0.0,0.6661370859762062,dcop_minsum,dcop_minsum,spoof,0.3,1,0
dcop_minsum,24,40,ring_plus,46,4,-16.0,16.0,0.34782608695652173,16.0,0.3275786371178029,0.0,0.0,0.0,3680.0,3680.0,1.0,0.0,471040.0,128.0,0.0,2562.0,0.0,1118.0,0.0,0.0,0.0,0.0,minsum,0.9859905946990862,0.03446538096399965,0.5,13.625,0.1,,0.0,0.5767138582645176,dcop_minsum,dcop_minsum,spoof,0.3,2,0
dcop_minsum,24,40,ring_plus,41,4,-10.0,10.0,0.24390243902439024,10.0,0.3096229143709536,0.0,0.0,0.0,3280.0,3280.0,1.0,0.0,419840.0,128.0,0.0,2294.0,0.0,986.0,0.0,0.0,0.0,0.0,minsum,0.9410668588439302,0.31166362500698186,0.525,10.625,-0.025,,0.0,0.7280978425891074,dcop_minsum,dcop_minsum,spoof,0.3,3,0
dcop_minsum,24,40,ring_plus,45,4,-5.0,5.0,0.1111111111111111,5.0,0.3063277112492896,0.0,0.0,0.0,3600.0,3600.0,1.0,0.0,460800.0,128.0,0.0,2541.0,0.0,1059.0,0.0,0.0,0.0,0.0,minsum,0.9979846939731134,0.008429651321619547,0.65,11.875,-0.225,,0.0,0.5276394113913421,dcop_minsum,dcop_minsum,spoof,0.3,4,0
dcop_minsum,24,40,ring_plus,46,4,-6.0,6.0,0.13043478260869565,6.0,0.31581571018196486,0.0,0.0,0.0,3680.0,3680.0,1.0,0.0,471040.0,128.0,0.0,2597.0,0.0,1083.0,0.0,0.0,0.0,0.0,minsum,0.8164965809277257,0.2747830079010366,0.5,11.5,-0.075,,0.0,0.6625865705641144,dcop_minsum,dcop_minsum,spoof,0.3,5,0
dcop_minsum,24,40,ring_plus,36,4,-10.0,10.0,0.2777777777777778,10.0,0.29582967617422445,0.0,0.0,0.0,2880.0,2880.0,1.0,0.0,368640.0,128.0,0.0,2038.0,0.0,842.0,0.0,0.0,0.0,0.0,minsum,0.957177249339465,0.20126577286772018,0.6,9.25,0.0,,0.0,0.37292756063084187,dcop_minsum,dcop_minsum,spoof,0.3,6,0
dcop_minsum,24,40,ring_plus,46,4,-15.0,15.0,0.32608695652173914,15.0,0.307316908802355,0.0,0.0,0.0,3680.0,3680.0,1.0,0.0,471040.0,128.0,0.0,2600.0,0.0,1080.0,0.0,0.0,0.0,0.0,minsum,0.9780437584440494,0.14628401689455317,0.525,11.625,0.025,,0.0,0.3541200301325499,dcop_minsum,dcop_minsum,spoof,0.3,7,0
dcop_minsum,24,40,ring_plus,41,4,-14.0,14.0,0.34146341463414637,14.0,0.31351736116878043,0.0,0.0,0.0,3280.0,3280.0,1.0,0.0,419840.0,128.0,0.0,2283.0,0.0,997.0,0.0,0.0,0.0,0.0,minsum,1.0,0.0,0.55,10.375,0.25,,0.0,0.6798047431008131,dcop_minsum,dcop_minsum,spoof,0.3,8,0
dcop_minsum,24,40,ring_plus,50,4,-15.0,15.0,0.3,15.0,0.30361257974114136,0.0,0.0,0.0,4000.0,4000.0,1.0,0.0,512000.0,128.0,0.0,2867.0,0.0,1133.0,0.0,0.0,0.0,0.0,minsum,0.9590889356730593,0.05312611007540624,0.575,12.375,0.1,,0.0,0.9519929129079138,dcop_minsum,dcop_minsum,spoof,0.3,9,0
dcop_minsum,24,40,ring_plus,36,4,-8.0,8.0,0.2222222222222222,8.0,0.5406620260975418,0.0,0.0,0.0,2880.0,2880.0,1.0,0.0,368640.0,128.0,0.0,1406.0,0.0,1474.0,0.0,0.0,0.0,0.0,minsum,0.9836738074422423,0.048540007702211896,0.55,8.0,-0.125,,0.0,0.5162054954881106,dcop_minsum,dcop_minsum,spoof,0.5,0,0
dcop_minsum,24,40,ring_plus,51,4,-9.0,9.0,0.17647058823529413,9.0,0.5563970603019629,0.0,0.0,0.0,4080.0,4080.0,1.0,0.0,522240.0,128.0,0.0,1994.0,0.0,2086.0,0.0,0.0,0.0,0.0,minsum,0.9681092645135618,0.188658386134811,0.475,12.25,0.0,,0.0,0.6661370859762062,dcop_minsum,dcop_minsum,spoof,0.5,1,0
dcop_minsum,24,40,ring_plus,46,4,-14.0,14.0,0.30434782608695654,14.0,0.5512338163460341,0.0,0.0,0.0,3680.0,3680.0,1.0,0.0,471040.0,128.0,0.0,1825.0,0.0,1855.0,0.0,0.0,0.0,0.0,minsum,0.9976930023450372,0.011417348488173107,0.5,11.0,0.05,,0.0,0.5767138582645176,dcop_minsum,dcop_minsum,spoof,0.5,2,0
dcop_minsum,24,40,ring_plus,41,4,-15.0,15.0,0.36585365853658536,15.0,0.5481579191841256,0.0,0.0,0.0,3280.0,3280.0,1.0,0.0,419840.0,128.0,0.0,1614.0,0.0,1666.0,0.0,0.0,0.0,0.0,minsum,0.9755511000761611,0.1816873277011205,0.5,12.25,0.1,,0.0,0.7280978425891074,dcop_minsum,dcop_minsum,spoof,0.5,3,0
dcop_minsum,24,40,ring_plus,45,4,-13.0,13.0,0.28888888888888886,13.0,0.546525303372457,0.0,0.0,0.0,3600.0,3600.0,1.0,0.0,460800.0,128.0,0.0,1792.0,0.0,1808.0,0.0,0.0,0.0,0.0,minsum,0.9938318273712662,0.04535790359127312,0.5,11.125,-0.025,,0.0,0.5276394113913421,dcop_minsum,dcop_minsum,spoof,0.5,4,0
dcop_minsum,24,40,ring_plus,46,4,-11.0,11.0,0.2391304347826087,11.0,0.5403111067634494,0.0,0.0,0.0,3680.0,3680.0,1.0,0.0,471040.0,128.0,0.0,1856.0,0.0,1824.0,0.0,0.0,0.0,0.0,minsum,0.8164965809277257,0.565025572859345,0.55,12.25,0.05,,0.0,0.6625865705641144,dcop_minsum,dcop_minsum,spoof,0.5,5,0
dcop_minsum,24,40,ring_plus,36,4,-8.0,8.0,0.2222222222222222,8.0,0.5260339358379653,0.0,0.0,0.0,2880.0,2880.0,1.0,0.0,368640.0,128.0,0.0,1442.0,0.0,1438.0,0.0,0.0,0.0,0.0,minsum,0.9777278637786666,0.08711611587459533,0.575,8.875,-0.05,,0.0,0.37292756063084187,dcop_minsum,dcop_minsum,spoof,0.5,6,0
dcop_minsum,24,40,ring_plus,46,4,-15.0,15.0,0.32608695652173914,15.0,0.5290932446521072,0.0,0.0,0.0,3680.0,3680.0,1.0,0.0,471040.0,128.0,0.0,1869.0,0.0,1811.0,0.0,0.0,0.0,0.0,minsum,0.7289914474343406,0.9047591436696086,0.55,12.75,0.025,,0.0,0.3541200301325499,dcop_minsum,dcop_minsum,spoof,0.5,7,0
dcop_minsum,24,40,ring_plus,41,4,-7.0,7.0,0.17073170731707318,7.0,0.5141018112856522,0.0,0.0,0.0,3280.0,3280.0,1.0,0.0,419840.0,128.0,0.0,1659.0,0.0,1621.0,0.0,0.0,0.0,0.0,minsum,1.0,0.0,0.5,11.0,0.075,,0.0,0.6798047431008131,dcop_minsum,dcop_minsum,spoof,0.5,8,0
dcop_minsum,24,40,ring_plus,50,4,-17.0,17.0,0.34,17.0,0.5634302654904271,0.0,0.0,0.0,4000.0,4000.0,1.0,0.0,512000.0,128.0,0.0,1954.0,0.0,2046.0,0.0,0.0,0.0,0.0,minsum,0.9995826775233004,6.725779851324276e-05,0.475,13.75,0.15,,0.0,0.9519929129079138,dcop_minsum,dcop_minsum,spoof,0.5,9,0
dcop_minsum,24,40,ring_plus,36,4,-4.0,4.0,0.1111111111111111,4.0,1.1002363502296444,0.0,0.0,0.0,2880.0,2880.0,1.0,0.0,368640.0,128.0,0.0,0.0,0.0,2880.0,0.0,0.0,0.0,0.0,minsum,0.9946996844325237,0.03789872371007108,0.575,8.0,-0.225,,0.0,0.5162054954881106,dcop_minsum,dcop_minsum,spoof,1.0,0,0
dcop_minsum,24,40,ring_plus,51,4,-9.0,9.0,0.17647058823529413,9.0,1.1291433592880735,0.0,0.0,0.0,4080.0,4080.0,1.0,0.0,522240.0,128.0,0.0,0.0,0.0,4080.0,0.0,0.0,0.0,0.0,minsum,0.9700857583091387,0.14317152463852678,0.575,12.25,0.0,,0.0,0.6661370859762062,dcop_minsum,dcop_minsum,spoof,1.0,1,0
dcop_minsum,24,40,ring_plus,46,4,-14.0,14.0,0.30434782608695654,14.0,1.0781782648301173,0.0,0.0,0.0,3680.0,3680.0,1.0,0.0,471040.0,128.0,0.0,0.0,0.0,3680.0,0.0,0.0,0.0,0.0,minsum,0.9705115296188115,0.11095796616494003,0.575,11.5,0.05,,0.0,0.5767138582645176,dcop_minsum,dcop_minsum,spoof,1.0,2,0
dcop_minsum,24,40,ring_plus,41,4,-9.0,9.0,0.21951219512195122,9.0,1.125044056868379,0.0,0.0,0.0,3280.0,3280.0,1.0,0.0,419840.0,128.0,0.0,0.0,0.0,3280.0,0.0,0.0,0.0,0.0,minsum,0.9601249434052316,0.14263705379549074,0.525,9.125,-0.05,,0.0,0.7280978425891074,dcop_minsum,dcop_minsum,spoof,1.0,3,0
dcop_minsum,24,40,ring_plus,45,4,-10.0,10.0,0.2222222222222222,10.0,1.087041857657636,0.0,0.0,0.0,3600.0,3600.0,1.0,0.0,460800.0,128.0,0.0,0.0,0.0,3600.0,0.0,0.0,0.0,0.0,minsum,0.9762851911565802,0.12835698375612736,0.5,11.25,-0.1,,0.0,0.5276394113913421,dcop_minsum,dcop_minsum,spoof,1.0,4,0
dcop_minsum,24,40,ring_plus,46,4,-13.0,13.0,0.2826086956521739,13.0,1.124170577332217,0.0,0.0,0.0,3680.0,3680.0,1.0,0.0,471040.0,128.0,0.0,0.0,0.0,3680.0,0.0,0.0,0.0,0.0,minsum,0.9910110322108066,0.09991273009133683,0.525,11.5,0.1,,0.0,0.6625865705641144,dcop_minsum,dcop_minsum,spoof,1.0,5,0
dcop_minsum,24,40,ring_plus,36,4,-9.0,9.0,0.25,9.0,1.1029390371544898,0.0,0.0,0.0,2880.0,2880.0,1.0,0.0,368640.0,128.0,0.0,0.0,0.0,2880.0,0.0,0.0,0.0,0.0,minsum,0.9889768344504563,0.014077481646652013,0.575,9.375,-0.025,,0.0,0.37292756063084187,dcop_minsum,dcop_minsum,spoof,1.0,6,0
dcop_minsum,24,40,ring_plus,46,4,-12.0,12.0,0.2608695652173913,12.0,1.1226843992472926,0.0,0.0,0.0,3680.0,3680.0,1.0,0.0,471040.0,128.0,0.0,0.0,0.0,3680.0,0.0,0.0,0.0,0.0,minsum,1.0,0.0,0.625,11.5,-0.05,,0.0,0.3541200301325499,dcop_minsum,dcop_minsum,spoof,1.0,7,0
dcop_minsum,24,40,ring_plus,41,4,-11.0,11.0,0.2682926829268293,11.0,1.1015836262845011,0.0,0.0,0.0,3280.0,3280.0,1.0,0.0,419840.0,128.0,0.0,0.0,0.0,3280.0,0.0,0.0,0.0,0.0,minsum,1.0,0.0,0.5,9.875,0.175,,0.0,0.6798047431008131,dcop_minsum,dcop_minsum,spoof,1.0,8,0
dcop_minsum,24,40,ring_plus,50,4,-9.0,9.0,0.18,9.0,1.1344352491383665,0.0,0.0,0.0,4000.0,4000.0,1.0,0.0,512000.0,128.0,0.0,0.0,0.0,4000.0,0.0,0.0,0.0,0.0,minsum,0.9606605683724365,0.1641946839726507,0.525,14.25,-0.05,,0.0,0.9519929129079138,dcop_minsum,dcop_minsum,spoof,1.0,9,0
dcop_minsum,24,40,ring_plus,36,4,-0.0,0.0,0.0,0.0,0.0,0.0,0.0,0.0,2880.0,2880.0,1.0,0.0,368640.0,128.0,0.0,2880.0,0.0,0.0,0.0,0.0,0.0,0.0,minsum,2.7735009811261474e-07,0.7963016814719625,1.0,0.0,-0.325,2.0,1.0,0.5162054954881106,dcop_minsum,dcop_minsum,crash,0.0,0,0
dcop_minsum,24,40,ring_plus,51,4,-0.0,0.0,0.0,0.0,0.0,0.0,0.0,0.0,4080.0,4080.0,1.0,0.0,522240.0,128.0,0.0,4080.0,0.0,0.0,0.0,0.0,0.0,0.0,minsum,0.012690146647762898,0.48613104022524123,0.975,0.0,-0.225,5.0,1.0,0.6661370859762062,dcop_minsum,dcop_minsum,crash,0.0,1,0
dcop_minsum,24,40,ring_plus,46,4,-0.0,0.0,0.0,0.0,0.0,0.0,0.0,0.0,3680.0,3680.0,1.0,0.0,471040.0,128.0,0.0,3680.0,0.0,0.0,0.0,0.0,0.0,0.0,minsum,0.17379987613064898,0.3440488199075741,0.975,0.0,-0.3,9.0,1.0,0.5767138582645176,dcop_minsum,dcop_minsum,crash,0.0,2,0
dcop_minsum,24,40,ring_plus,41,4,-0.0,0.0,0.0,0.0,0.0,0.0,0.0,0.0,3280.0,3280.0,1.0,0.0,419840.0,128.0,0.0,3280.0,0.0,0.0,0.0,0.0,0.0,0.0,minsum,0.00011748246994956398,0.6462804036489715,1.0,0.0,-0.275,3.0,1.0,0.7280978425891074,dcop_minsum,dcop_minsum,crash,0.0,3,0
dcop_minsum,24,40,ring_plus,45,4,-0.0,0.0,0.0,0.0,0.0,0.0,0.0,0.0,3600.0,3600.0,1.0,0.0,460800.0,128.0,0.0,3600.0,0.0,0.0,0.0,0.0,0.0,0.0,minsum,0.1857591806955914,0.30896466781109466,0.925,0.0,-0.35,9.0,1.0,0.5276394113913421,dcop_minsum,dcop_minsum,crash,0.0,4,0
dcop_minsum,24,40,ring_plus,46,4,-17.0,17.0,0.3695652173913043,17.0,0.0,0.0,0.0,0.0,3680.0,3680.0,1.0,0.0,471040.0,128.0,0.0,3680.0,0.0,0.0,0.0,0.0,0.0,0.0,minsum,1.0,0.0,0.5,14.5,0.2,,0.0,0.6625865705641144,dcop_minsum,dcop_minsum,crash,0.0,5,0
dcop_minsum,24,40,ring_plus,36,4,-0.0,0.0,0.0,0.0,0.0,0.0,0.0,0.0,2880.0,2880.0,1.0,0.0,368640.0,128.0,0.0,2880.0,0.0,0.0,0.0,0.0,0.0,0.0,minsum,0.0001071773462536297,0.6624067863220915,1.0,0.0,-0.25,3.0,1.0,0.37292756063084187,dcop_minsum,dcop_minsum,crash,0.0,6,0
dcop_minsum,24,40,ring_plus,46,4,-3.0,3.0,0.06521739130434782,3.0,0.0,0.0030570652173913045,0.0,0.0,3680.0,3680.0,1.0,0.0,471040.0,128.0,0.0,3680.0,0.0,0.0,0.0,0.0,0.0,0.0,minsum,0.07535223114927193,0.38537952174811885,0.55,2.625,-0.275,7.0,1.0,0.3541200301325499,dcop_minsum,dcop_minsum,crash,0.0,7,0
dcop_minsum,24,40,ring_plus,41,4,-3.0,3.0,0.07317073170731707,3.0,0.0,0.0,0.0,0.0,3280.0,3280.0,1.0,0.0,419840.0,128.0,0.0,3280.0,0.0,0.0,0.0,0.0,0.0,0.0,minsum,0.08356746304268925,0.363822955280949,0.625,1.75,-0.025,7.0,1.0,0.6798047431008131,dcop_minsum,dcop_minsum,crash,0.0,8,0
dcop_minsum,24,40,ring_plus,50,4,-0.0,0.0,0.0,0.0,0.0,0.0,0.0,0.0,4000.0,4000.0,1.0,0.0,512000.0,128.0,0.0,4000.0,0.0,0.0,0.0,0.0,0.0,0.0,minsum,0.00010961502039017447,0.6653822987978404,1.0,0.0,-0.275,3.0,1.0,0.9519929129079138,dcop_minsum,dcop_minsum,crash,0.0,9,0
dcop_minsum,24,40,ring_plus,36,4,-0.0,0.0,0.0,0.0,0.0,0.0,0.0011214953271028037,3.0,2775.0,2675.0,0.963963963963964,0.036036036036036,342400.0,128.0,0.0,2675.0,0.0,0.0,0.0,0.0,0.0,0.0,minsum,2.7735009811261474e-07,0.7963016814719625,0.95,0.0,-0.325,2.0,1.0,0.5162054954881106,dcop_minsum,dcop_minsum,crash,0.01,0,0
dcop_minsum,24,40,ring_plus,51,4,-0.0,0.0,0.0,0.0,0.0,0.0,0.005652911249293386,5.0,3787.0,3538.0,0.9342487457090045,0.06575125429099549,452864.0,128.0,0.0,3538.0,0.0,0.0,0.0,0.0,0.0,0.0,minsum,0.012690146647762898,0.48613104022524123,0.825,0.375,-0.225,5.0,1.0,0.6661370859762062,dcop_minsum,dcop_minsum,crash,0.01,1,0
dcop_minsum,24,40,ring_plus,46,4,-2.0,2.0,0.043478260869565216,2.0,0.0,0.0,0.0008784773060029283,3.0,3545.0,3415.0,0.9633286318758815,0.03667136812411853,437120.0,128.0,0.0,3415.0,0.0,0.0,0.0,0.0,0.0,0.0,minsum,0.17379987613064898,0.3440488199075741,0.85,1.625,-0.25,9.0,1.0,0.5767138582645176,dcop_minsum,dcop_minsum,crash,0.01,2,0
dcop_minsum,24,40,ring_plus,41,4,-2.0,2.0,0.04878048780487805,2.0,0.0,0.0,0.00033523298692591353,1.0,3126.0,2983.0,0.9542546385156749,0.045745361484325064,381824.0,128.0,0.0,2983.0,0.0,0.0,0.0,0.0,0.0,0.0,minsum,0.00011748246994956398,0.6462804036489715,0.9,2.0,-0.225,3.0,1.0,0.7280978425891074,dcop_minsum,dcop_minsum,crash,0.01,3,0
dcop_minsum,24,40,ring_plus,45,4,-5.0,5.0,0.1111111111111111,5.0,0.0,0.0,0.0,0.0,3458.0,3316.0,0.9589358010410642,0.04106419895893576,424448.0,128.0,0.0,3316.0,0.0,0.0,0.0,0.0,0.0,0.0,minsum,0.5582589242366452,0.21267755907812935,0.8,2.875,-0.225,17.0,1.0,0.5276394113913421,dcop_minsum,dcop_minsum,crash,0.01,4,0
dcop_minsum,24,40,ring_plus,46,4,-16.0,16.0,0.34782608695652173,16.0,0.0,0.0,0.0,0.0,3590.0,3504.0,0.9760445682451253,0.02395543175487469,448512.0,128.0,0.0,3504.0,0.0,0.0,0.0,0.0,0.0,0.0,minsum,0.9995236661484078,0.00010112913194570972,0.5,13.75,0.175,,0.0,0.6625865705641144,dcop_minsum,dcop_minsum,crash,0.01,5,0
dcop_minsum,24,40,ring_plus,36,4,-0.0,0.0,0.0,0.0,0.0,0.0,0.0,0.0,2808.0,2736.0,0.9743589743589743,0.02564102564102566,350208.0,128.0,0.0,2736.0,0.0,0.0,0.0,0.0,0.0,0.0,minsum,0.0001071773462536297,0.6624067863220915,0.925,0.75,-0.25,3.0,1.0,0.37292756063084187,dcop_minsum,dcop_minsum,crash,0.01,6,0
dcop_minsum,24,40,ring_plus,46,4,-1.0,1.0,0.021739130434782608,1.0,0.0,0.002767235926628716,0.008222643896268185,5.0,3398.0,3162.0,0.9305473808122425,0.06945261918775747,404736.0,128.0,0.0,3162.0,0.0,0.0,0.0,0.0,0.0,0.0,minsum,0.5174016305803271,0.23073313126055894,0.7,4.25,-0.325,16.0,1.0,0.3541200301325499,dcop_minsum,dcop_minsum,crash,0.01,7,0
dcop_minsum,24,40,ring_plus,41,4,-4.0,4.0,0.0975609756097561,4.0,0.0,0.0,0.0,0.0,3194.0,3108.0,0.9730745147150908,0.026925485284909234,397824.0,128.0,0.0,3108.0,0.0,0.0,0.0,0.0,0.0,0.0,minsum,0.2421384142300547,0.30125599403447634,0.8,3.0,0.0,10.0,1.0,0.6798047431008131,dcop_minsum,dcop_minsum,crash,0.01,8,0
dcop_minsum,24,40,ring_plus,50,4,-1.0,1.0,0.02,1.0,0.0,0.0,0.002962085308056872,3.0,3673.0,3376.0,0.9191396678464471,0.08086033215355293,432128.0,128.0,0.0,3376.0,0.0,0.0,0.0,0.0,0.0,0.0,minsum,0.07175930592475248,0.41054644812633234,0.85,0.75,-0.25,7.0,1.0,0.9519929129079138,dcop_minsum,dcop_minsum,crash,0.01,9,0
dcop_minsum,24,40,ring_plus,36,4,-4.0,4.0,0.1111111111111111,4.0,0.0,0.0,0.029882604055496264,5.0,2325.0,1874.0,0.8060215053763441,0.1939784946236559,239872.0,128.0,0.0,1874.0,0.0,0.0,0.0,0.0,0.0,0.0,minsum,0.8437227312367106,0.09999992201712715,0.8,1.125,-0.225,31.0,1.0,0.5162054954881106,dcop_minsum,dcop_minsum,crash,0.05,0,0
dcop_minsum,24,40,ring_plus,51,4,-2.0,2.0,0.0392156862745098,2.0,0.0,0.0,0.010691375623663579,5.0,3358.0,2806.0,0.8356164383561644,0.1643835616438356,359168.0,128.0,0.0,2806.0,0.0,0.0,0.0,0.0,0.0,0.0,minsum,0.885260693907683,0.08212659819251678,0.75,2.875,-0.175,37.0,1.0,0.6661370859762062,dcop_minsum,dcop_minsum,crash,0.05,1,0
dcop_minsum,24,40,ring_plus,46,4,-1.0,1.0,0.021739130434782608,1.0,0.0,0.0,0.04067948144836835,5.0,2858.0,2237.0,0.7827151854443667,0.2172848145556333,286336.0,128.0,0.0,2237.0,0.0,0.0,0.0,0.0,0.0,0.0,minsum,0.8685254468880533,0.507469817820432,0.75,1.875,-0.275,,0.0,0.5767138582645176,dcop_minsum,dcop_minsum,crash,0.05,2,0
dcop_minsum,24,40,ring_plus,41,4,-1.0,1.0,0.024390243902439025,1.0,0.0,0.0,0.032083145051965654,5.0,2659.0,2213.0,0.8322677698382851,0.1677322301617149,283264.0,128.0,0.0,2213.0,0.0,0.0,0.0,0.0,0.0,0.0,minsum,0.9344853335035608,0.49419725798632785,0.875,1.5,-0.25,,0.0,0.7280978425891074,dcop_minsum,dcop_minsum,crash,0.05,3,0
dcop_minsum,24,40,ring_plus,45,4,-6.0,6.0,0.13333333333333333,6.0,0.0,0.0,0.03939008894536213,5.0,2881.0,2361.0,0.8195071155848663,0.18049288441513367,302208.0,128.0,0.0,2361.0,0.0,0.0,0.0,0.0,0.0,0.0,minsum,0.7832947155715165,0.11888217082531782,0.675,5.875,-0.2,26.0,1.0,0.5276394113913421,dcop_minsum,dcop_minsum,crash,0.05,4,0
dcop_minsum,24,40,ring_plus,46,4,-8.0,8.0,0.17391304347826086,8.0,0.0,0.0,0.026410564225690276,8.0,3013.0,2499.0,0.8294059077331564,0.17059409226684363,319872.0,128.0,0.0,2499.0,0.0,0.0,0.0,0.0,0.0,0.0,minsum,1.0,0.0,0.525,7.5,-0.025,,0.0,0.6625865705641144,dcop_minsum,dcop_minsum,crash,0.05,5,0
dcop_minsum,24,40,ring_plus,36,4,-2.0,2.0,0.05555555555555555,2.0,0.0,0.0,0.03569303985722784,5.0,2200.0,1681.0,0.764090909090909,0.23590909090909096,215168.0,128.0,0.0,1681.0,0.0,0.0,0.0,0.0,0.0,0.0,minsum,0.316227766016838,0.9993025707662043,0.725,3.625,-0.2,,0.0,0.37292756063084187,dcop_minsum,dcop_minsum,crash,0.05,6,0
dcop_minsum,24,40,ring_plus,46,4,-5.0,5.0,0.10869565217391304,5.0,0.0,0.0,0.03801945181255526,10.0,2882.0,2262.0,0.7848716169326856,0.2151283830673144,289536.0,128.0,0.0,2262.0,0.0,0.0,0.0,0.0,0.0,0.0,minsum,0.9918190468385585,0.01765472059212725,0.7,4.125,-0.225,,0.0,0.3541200301325499,dcop_minsum,dcop_minsum,crash,0.05,7,0
dcop_minsum,24,40,ring_plus,41,4,-7.0,7.0,0.17073170731707318,7.0,0.0,0.0,0.018741633199464525,5.0,2714.0,2241.0,0.8257184966838614,0.17428150331613856,286848.0,128.0,0.0,2241.0,0.0,0.0,0.0,0.0,0.0,0.0,minsum,0.9917198080638494,0.02949014605067446,0.65,4.5,0.075,,0.0,0.6798047431008131,dcop_minsum,dcop_minsum,crash,0.05,8,0
dcop_minsum,24,40,ring_plus,50,4,-4.0,4.0,0.08,4.0,0.0,0.0,0.06495726495726496,5.0,3001.0,2340.0,0.7797400866377874,0.22025991336221262,299520.0,128.0,0.0,2340.0,0.0,0.0,0.0,0.0,0.0,0.0,minsum,0.7211410537624834,0.1744814867301373,0.65,3.125,-0.175,24.0,1.0,0.9519929129079138,dcop_minsum,dcop_minsum,crash,0.05,9,0
dcop_minsum,24,40,ring_plus,36,4,-3.0,3.0,0.08333333333333333,3.0,0.0,0.0,0.14658925979680695,8.0,1911.0,1378.0,0.7210884353741497,0.2789115646258503,176384.0,128.0,0.0,1378.0,0.0,0.0,0.0,0.0,0.0,0.0,minsum,0.8277405264274604,0.10076455982697352,0.8,2.875,-0.25,29.0,1.0,0.5162054954881106,dcop_minsum,dcop_minsum,crash,0.1,0,0
dcop_minsum,24,40,ring_plus,51,4,-9.0,9.0,0.17647058823529413,9.0,0.0,0.0,0.10009813542688911,5.0,2786.0,2038.0,0.7315147164393395,0.2684852835606605,260864.0,128.0,0.0,2038.0,0.0,0.0,0.0,0.0,0.0,0.0,minsum,0.9523152501868578,0.5333484246649894,0.6,7.25,0.0,,0.0,0.6661370859762062,dcop_minsum,dcop_minsum,crash,0.1,1,0
dcop_minsum,24,40,ring_plus,46,4,-1.0,1.0,0.021739130434782608,1.0,0.0,0.0,0.12461632903621854,5.0,2397.0,1629.0,0.6795994993742178,0.3204005006257822,208512.0,128.0,0.0,1629.0,0.0,0.0,0.0,0.0,0.0,0.0,minsum,0.9943116674243034,0.020938359316901023,0.7,4.0,-0.275,,0.0,0.5767138582645176,dcop_minsum,dcop_minsum,crash,0.1,2,0
dcop_minsum,24,40,ring_plus,41,4,-6.0,6.0,0.14634146341463414,6.0,0.0,0.0,0.08719851576994433,10.0,2257.0,1617.0,0.7164377492246344,0.28356225077536557,206976.0,128.0,0.0,1617.0,0.0,0.0,0.0,0.0,0.0,0.0,minsum,0.882551258887882,0.4132565605042724,0.825,4.125,-0.125,,0.0,0.7280978425891074,dcop_minsum,dcop_minsum,crash,0.1,3,0
dcop_minsum,24,40,ring_plus,45,4,-6.0,6.0,0.13333333333333333,6.0,0.0,0.0,0.08060453400503778,7.0,2377.0,1588.0,0.6680689945309213,0.3319310054690787,203264.0,128.0,0.0,1588.0,0.0,0.0,0.0,0.0,0.0,0.0,minsum,0.9774217372121586,0.23897929113930183,0.575,3.0,-0.2,,0.0,0.5276394113913421,dcop_minsum,dcop_minsum,crash,0.1,4,0
dcop_minsum,24,40,ring_plus,46,4,-9.0,9.0,0.1956521739130435,9.0,0.0,0.0005773672055427252,0.12066974595842957,10.0,2451.0,1732.0,0.7066503467972256,0.2933496532027744,221696.0,128.0,0.0,1732.0,0.0,0.0,0.0,0.0,0.0,0.0,minsum,0.9957100056661581,0.02231542781973439,0.625,7.375,0.0,,0.0,0.6625865705641144,dcop_minsum,dcop_minsum,crash,0.1,5,0
dcop_minsum,24,40,ring_plus,36,4,-3.0,3.0,0.08333333333333333,3.0,0.0,0.0,0.20524412296564196,5.0,1718.0,1106.0,0.6437718277066357,0.35622817229336434,141568.0,128.0,0.0,1106.0,0.0,0.0,0.0,0.0,0.0,0.0,minsum,0.9923134220601983,0.01780014224098969,0.725,3.375,-0.175,,0.0,0.37292756063084187,dcop_minsum,dcop_minsum,crash,0.1,6,0
dcop_minsum,24,40,ring_plus,46,4,-2.0,2.0,0.043478260869565216,2.0,0.0,0.0,0.18398876404494383,13.0,2206.0,1424.0,0.6455122393472348,0.3544877606527652,182272.0,128.0,0.0,1424.0,0.0,0.0,0.0,0.0,0.0,0.0,minsum,0.9078520470197519,0.30752205657792187,0.775,2.125,-0.3,,0.0,0.3541200301325499,dcop_minsum,dcop_minsum,crash,0.1,7,0
dcop_minsum,24,40,ring_plus,41,4,-3.0,3.0,0.07317073170731707,3.0,0.0,0.0,0.11923786109403811,10.0,2260.0,1627.0,0.7199115044247788,0.2800884955752212,208256.0,128.0,0.0,1627.0,0.0,0.0,0.0,0.0,0.0,0.0,minsum,0.9727432467833551,0.08522758269600039,0.65,3.5,-0.025,,0.0,0.6798047431008131,dcop_minsum,dcop_minsum,crash,0.1,8,0
dcop_minsum,24,40,ring_plus,50,4,-4.0,4.0,0.08,4.0,0.0,0.0,0.16826923076923078,8.0,2512.0,1664.0,0.6624203821656051,0.33757961783439494,212992.0,128.0,0.0,1664.0,0.0,0.0,0.0,0.0,0.0,0.0,minsum,0.9087427139957805,0.5166349637030256,0.725,5.375,-0.175,,0.0,0.9519929129079138,dcop_minsum,dcop_minsum,crash,0.1,9,0
dcop_minsum,24,40,ring_plus,36,4,-3.0,3.0,0.08333333333333333,3.0,0.0,0.0,0.5394366197183098,10.0,1277.0,710.0,0.5559906029757243,0.44400939702427566,90880.0,128.0,0.0,710.0,0.0,0.0,0.0,0.0,0.0,0.0,minsum,0.7380248402878689,0.7446621374435594,0.85,4.5,-0.25,,0.0,0.5162054954881106,dcop_minsum,dcop_minsum,crash,0.2,0,0
dcop_minsum,24,40,ring_plus,51,4,-4.0,4.0,0.0784313725490196,4.0,0.0,0.0,0.38917525773195877,9.0,2007.0,1164.0,0.5799701046337817,0.42002989536621826,148992.0,128.0,0.0,1164.0,0.0,0.0,0.0,0.0,0.0,0.0,minsum,0.9031872490380902,0.5601101960468113,0.675,4.875,-0.125,,0.0,0.6661370859762062,dcop_minsum,dcop_minsum,crash,0.2,1,0
dcop_minsum,24,40,ring_plus,46,4,-5.0,5.0,0.10869565217391304,5.0,0.0,0.0,0.4419321685508736,9.0,1692.0,973.0,0.5750591016548463,0.4249408983451537,124544.0,128.0,0.0,973.0,0.0,0.0,0.0,0.0,0.0,0.0,minsum,1.000059798280114,4.614153971682633e-06,0.7,5.75,-0.175,,0.0,0.5767138582645176,dcop_minsum,dcop_minsum,crash,0.2,2,0
dcop_minsum,24,40,ring_plus,41,4,-3.0,3.0,0.07317073170731707,3.0,0.0,0.0,0.33719582850521435,10.0,1596.0,863.0,0.5407268170426065,0.4592731829573935,110464.0,128.0,0.0,863.0,0.0,0.0,0.0,0.0,0.0,0.0,minsum,0.8700462645037977,0.5261815895849828,0.775,4.25,-0.2,,0.0,0.7280978425891074,dcop_minsum,dcop_minsum,crash,0.2,3,0
dcop_minsum,24,40,ring_plus,45,4,-11.0,11.0,0.24444444444444444,11.0,0.0,0.0,0.44455544455544455,7.0,1729.0,1001.0,0.5789473684210527,0.42105263157894735,128128.0,128.0,0.0,1001.0,0.0,0.0,0.0,0.0,0.0,0.0,minsum,1.0,0.0,0.65,8.0,-0.075,,0.0,0.5276394113913421,dcop_minsum,dcop_minsum,crash,0.2,4,0
dcop_minsum,24,40,ring_plus,46,4,-13.0,13.0,0.2826086956521739,13.0,0.0,0.0,0.34076137418755803,7.0,1865.0,1077.0,0.5774798927613941,0.4225201072386059,137856.0,128.0,0.0,1077.0,0.0,0.0,0.0,0.0,0.0,0.0,minsum,0.9468631278445767,0.12896568773356532,0.625,8.25,0.1,,0.0,0.6625865705641144,dcop_minsum,dcop_minsum,crash,0.2,5,0
dcop_minsum,24,40,ring_plus,36,4,-8.0,8.0,0.2222222222222222,8.0,0.0,0.0,0.47186147186147187,10.0,1259.0,693.0,0.5504368546465449,0.4495631453534551,88704.0,128.0,0.0,693.0,0.0,0.0,0.0,0.0,0.0,0.0,minsum,1.0,0.0,0.7,7.375,-0.05,,0.0,0.37292756063084187,dcop_minsum,dcop_minsum,crash,0.2,6,0
dcop_minsum,24,40,ring_plus,46,4,-3.0,3.0,0.06521739130434782,3.0,0.0,0.0,0.6230215827338129,10.0,1429.0,695.0,0.48635409377186845,0.5136459062281316,88960.0,128.0,0.0,695.0,0.0,0.0,0.0,0.0,0.0,0.0,minsum,0.9377710449741019,0.3733440395380968,0.775,3.875,-0.275,,0.0,0.3541200301325499,dcop_minsum,dcop_minsum,crash,0.2,7,0
dcop_minsum,24,40,ring_plus,41,4,-5.0,5.0,0.12195121951219512,5.0,0.0,0.0,0.38156359393232203,10.0,1506.0,857.0,0.5690571049136787,0.43094289508632133,109696.0,128.0,0.0,857.0,0.0,0.0,0.0,0.0,0.0,0.0,minsum,0.8660254037844387,0.75,0.7,6.125,0.025,,0.0,0.6798047431008131,dcop_minsum,dcop_minsum,crash,0.2,8,0
dcop_minsum,24,40,ring_plus,50,4,-10.0,10.0,0.2,10.0,0.0,0.0,0.5021413276231264,10.0,1756.0,934.0,0.5318906605922551,0.4681093394077449,119552.0,128.0,0.0,934.0,0.0,0.0,0.0,0.0,0.0,0.0,minsum,0.6385447232429211,0.966549518248274,0.7,5.625,-0.025,,0.0,0.9519929129079138,dcop_minsum,dcop_minsum,crash,0.2,9,0
dcop_minsum,24,40,ring_plus,36,4,-0.0,0.0,0.0,0.0,0.0,0.0,0.0,0.0,2880.0,2880.0,1.0,0.0,368640.0,128.0,0.0,2880.0,0.0,0.0,0.0,0.0,0.0,0.0,minsum,2.7735009811261474e-07,0.7963016814719625,1.0,0.0,-0.325,2.0,1.0,0.5162054954881106,dcop_minsum,dcop_minsum,byzantine,0.0,0,0
dcop_minsum,24,40,ring_plus,51,4,-0.0,0.0,0.0,0.0,0.0,0.0,0.0,0.0,4080.0,4080.0,1.0,0.0,522240.0,128.0,0.0,4080.0,0.0,0.0,0.0,0.0,0.0,0.0,minsum,0.012690146647762898,0.48613104022524123,0.975,0.0,-0.225,5.0,1.0,0.6661370859762062,dcop_minsum,dcop_minsum,byzantine,0.0,1,0
dcop_minsum,24,40,ring_plus,46,4,-0.0,0.0,0.0,0.0,0.0,0.0,0.0,0.0,3680.0,3680.0,1.0,0.0,471040.0,128.0,0.0,3680.0,0.0,0.0,0.0,0.0,0.0,0.0,minsum,0.17379987613064898,0.3440488199075741,0.975,0.0,-0.3,9.0,1.0,0.5767138582645176,dcop_minsum,dcop_minsum,byzantine,0.0,2,0
dcop_minsum,24,40,ring_plus,41,4,-0.0,0.0,0.0,0.0,0.0,0.0,0.0,0.0,3280.0,3280.0,1.0,0.0,419840.0,128.0,0.0,3280.0,0.0,0.0,0.0,0.0,0.0,0.0,minsum,0.00011748246994956398,0.6462804036489715,1.0,0.0,-0.275,3.0,1.0,0.7280978425891074,dcop_minsum,dcop_minsum,byzantine,0.0,3,0
dcop_minsum,24,40,ring_plus,45,4,-0.0,0.0,0.0,0.0,0.0,0.0,0.0,0.0,3600.0,3600.0,1.0,0.0,460800.0,128.0,0.0,3600.0,0.0,0.0,0.0,0.0,0.0,0.0,minsum,0.1857591806955914,0.30896466781109466,0.925,0.0,-0.35,9.0,1.0,0.5276394113913421,dcop_minsum,dcop_minsum,byzantine,0.0,4,0
dcop_minsum,24,40,ring_plus,46,4,-17.0,17.0,0.3695652173913043,17.0,0.0,0.0,0.0,0.0,3680.0,3680.0,1.0,0.0,471040.0,128.0,0.0,3680.0,0.0,0.0,0.0,0.0,0.0,0.0,minsum,1.0,0.0,0.5,14.5,0.2,,0.0,0.6625865705641144,dcop_minsum,dcop_minsum,byzantine,0.0,5,0
dcop_minsum,24,40,ring_plus,36,4,-0.0,0.0,0.0,0.0,0.0,0.0,0.0,0.0,2880.0,2880.0,1.0,0.0,368640.0,128.0,0.0,2880.0,0.0,0.0,0.0,0.0,0.0,0.0,minsum,0.0001071773462536297,0.6624067863220915,1.0,0.0,-0.25,3.0,1.0,0.37292756063084187,dcop_minsum,dcop_minsum,byzantine,0.0,6,0
dcop_minsum,24,40,ring_plus,46,4,-3.0,3.0,0.06521739130434782,3.0,0.0,0.0030570652173913045,0.0,0.0,3680.0,3680.0,1.0,0.0,471040.0,128.0,0.0,3680.0,0.0,0.0,0.0,0.0,0.0,0.0,minsum,0.07535223114927193,0.38537952174811885,0.55,2.625,-0.275,7.0,1.0,0.3541200301325499,dcop_minsum,dcop_minsum,byzantine,0.0,7,0
dcop_minsum,24,40,ring_plus,41,4,-3.0,3.0,0.07317073170731707,3.0,0.0,0.0,0.0,0.0,3280.0,3280.0,1.0,0.0,419840.0,128.0,0.0,3280.0,0.0,0.0,0.0,0.0,0.0,0.0,minsum,0.08356746304268925,0.363822955280949,0.625,1.75,-0.025,7.0,1.0,0.6798047431008131,dcop_minsum,dcop_minsum,byzantine,0.0,8,0
dcop_minsum,24,40,ring_plus,50,4,-0.0,0.0,0.0,0.0,0.0,0.0,0.0,0.0,4000.0,4000.0,1.0,0.0,512000.0,128.0,0.0,4000.0,0.0,0.0,0.0,0.0,0.0,0.0,minsum,0.00010961502039017447,0.6653822987978404,1.0,0.0,-0.275,3.0,1.0,0.9519929129079138,dcop_minsum,dcop_minsum,byzantine,0.0,9,0
dcop_minsum,24,40,ring_plus,36,4,-1.0,1.0,0.027777777777777776,1.0,0.0,0.0,0.0,0.0,2880.0,2880.0,1.0,0.0,368640.0,128.0,0.0,2880.0,0.0,0.0,0.0,0.0,0.0,0.0,minsum,0.5010529079588092,0.2047253846415502,0.6,2.875,-0.3,15.0,1.0,0.5162054954881106,dcop_minsum,dcop_minsum,byzantine,0.1,0,0
dcop_minsum,24,40,ring_plus,51,4,-13.0,13.0,0.2549019607843137,13.0,0.0,0.0,0.0,0.0,4080.0,4080.0,1.0,0.0,522240.0,128.0,0.0,4080.0,0.0,0.0,0.0,0.0,0.0,0.0,minsum,0.9958427821460739,0.018089664229499203,0.5,11.625,0.1,,0.0,0.6661370859762062,dcop_minsum,dcop_minsum,byzantine,0.1,1,0
dcop_minsum,24,40,ring_plus,46,4,-8.0,8.0,0.17391304347826086,8.0,0.0,0.0,0.0,0.0,3680.0,3680.0,1.0,0.0,471040.0,128.0,0.0,3680.0,0.0,0.0,0.0,0.0,0.0,0.0,minsum,1.0,0.0,0.55,7.125,-0.1,,0.0,0.5767138582645176,dcop_minsum,dcop_minsum,byzantine,0.1,2,0
dcop_minsum,24,40,ring_plus,41,4,-6.0,6.0,0.14634146341463414,6.0,0.0,0.0,0.0,0.0,3280.0,3280.0,1.0,0.0,419840.0,128.0,0.0,3280.0,0.0,0.0,0.0,0.0,0.0,0.0,minsum,0.9699693316837092,0.08642188501839498,0.575,8.75,-0.125,,0.0,0.7280978425891074,dcop_minsum,dcop_minsum,byzantine,0.1,3,0
dcop_minsum,24,40,ring_plus,45,4,-8.0,8.0,0.17777777777777778,8.0,0.0,0.0,0.0,0.0,3600.0,3600.0,1.0,0.0,460800.0,128.0,0.0,3600.0,0.0,0.0,0.0,0.0,0.0,0.0,minsum,0.9703677727673438,0.11332813672495623,0.55,10.25,-0.15,,0.0,0.5276394113913421,dcop_minsum,dcop_minsum,byzantine,0.1,4,0
dcop_minsum,24,40,ring_plus,46,4,-12.0,12.0,0.2608695652173913,12.0,0.0,0.0,0.0,0.0,3680.0,3680.0,1.0,0.0,471040.0,128.0,0.0,3680.0,0.0,0.0,0.0,0.0,0.0,0.0,minsum,0.9852119106124493,0.019350008438586697,0.55,15.125,0.075,,0.0,0.6625865705641144,dcop_minsum,dcop_minsum,byzantine,0.1,5,0
dcop_minsum,24,40,ring_plus,36,4,-4.0,4.0,0.1111111111111111,4.0,0.0,0.0,0.0,0.0,2880.0,2880.0,1.0,0.0,368640.0,128.0,0.0,2880.0,0.0,0.0,0.0,0.0,0.0,0.0,minsum,0.927378314273728,0.17593707381609436,0.575,5.0,-0.15,,0.0,0.37292756063084187,dcop_minsum,dcop_minsum,byzantine,0.1,6,0
dcop_minsum,24,40,ring_plus,46,4,-11.0,11.0,0.2391304347826087,11.0,0.0,0.0,0.0,0.0,3680.0,3680.0,1.0,0.0,471040.0,128.0,0.0,3680.0,0.0,0.0,0.0,0.0,0.0,0.0,minsum,0.9953806381627673,0.010904916049827795,0.675,11.0,-0.075,,0.0,0.3541200301325499,dcop_minsum,dcop_minsum,byzantine,0.1,7,0
dcop_minsum,24,40,ring_plus,41,4,-10.0,10.0,0.24390243902439024,10.0,0.0,0.0,0.0,0.0,3280.0,3280.0,1.0,0.0,419840.0,128.0,0.0,3280.0,0.0,0.0,0.0,0.0,0.0,0.0,minsum,0.9967152561832754,0.00839465463408584,0.55,10.125,0.15,,0.0,0.6798047431008131,dcop_minsum,dcop_minsum,byzantine,0.1,8,0
dcop_minsum,24,40,ring_plus,50,4,-4.0,4.0,0.08,4.0,0.0,0.0,0.0,0.0,4000.0,4000.0,1.0,0.0,512000.0,128.0,0.0,4000.0,0.0,0.0,0.0,0.0,0.0,0.0,minsum,0.9976258643658408,0.0065388195947698735,0.575,8.5,-0.175,,0.0,0.9519929129079138,dcop_minsum,dcop_minsum,byzantine,0.1,9,0
dcop_minsum,24,40,ring_plus,36,4,-8.0,8.0,0.2222222222222222,8.0,0.0,0.0,0.0,0.0,2880.0,2880.0,1.0,0.0,368640.0,128.0,0.0,2880.0,0.0,0.0,0.0,0.0,0.0,0.0,minsum,0.9514593455833174,0.24460378559275686,0.5,7.0,-0.125,,0.0,0.5162054954881106,dcop_minsum,dcop_minsum,byzantine,0.25,0,0
dcop_minsum,24,40,ring_plus,51,4,-15.0,15.0,0.29411764705882354,15.0,0.0,0.0,0.0,0.0,4080.0,4080.0,1.0,0.0,522240.0,128.0,0.0,4080.0,0.0,0.0,0.0,0.0,0.0,0.0,minsum,1.0061394633619931,0.005340266424206264,0.5,12.125,0.15,,0.0,0.6661370859762062,dcop_minsum,dcop_minsum,byzantine,0.25,1,0
dcop_minsum,24,40,ring_plus,46,4,-9.0,9.0,0.1956521739130435,9.0,0.0,0.0,0.0,0.0,3680.0,3680.0,1.0,0.0,471040.0,128.0,0.0,3680.0,0.0,0.0,0.0,0.0,0.0,0.0,minsum,0.9744256329211283,0.08909585563496514,0.525,11.625,-0.075,,0.0,0.5767138582645176,dcop_minsum,dcop_minsum,byzantine,0.25,2,0
dcop_minsum,24,40,ring_plus,41,4,-11.0,11.0,0.2682926829268293,11.0,0.0,0.0,0.0,0.0,3280.0,3280.0,1.0,0.0,419840.0,128.0,0.0,3280.0,0.0,0.0,0.0,0.0,0.0,0.0,minsum,0.6772025283201378,0.6597997468481243,0.575,9.625,0.0,,0.0,0.7280978425891074,dcop_minsum,dcop_minsum,byzantine,0.25,3,0
dcop_minsum,24,40,ring_plus,45,4,-9.0,9.0,0.2,9.0,0.0,0.0,0.0,0.0,3600.0,3600.0,1.0,0.0,460800.0,128.0,0.0,3600.0,0.0,0.0,0.0,0.0,0.0,0.0,minsum,0.9768076570096282,0.11923500801417108,0.55,10.25,-0.125,,0.0,0.5276394113913421,dcop_minsum,dcop_minsum,byzantine,0.25,4,0
dcop_minsum,24,40,ring_plus,46,4,-9.0,9.0,0.1956521739130435,9.0,0.0,0.0,0.0,0.0,3680.0,3680.0,1.0,0.0,471040.0,128.0,0.0,3680.0,0.0,0.0,0.0,0.0,0.0,0.0,minsum,0.9884821270900618,0.00657961461759371,0.6,10.5,0.0,,0.0,0.6625865705641144,dcop_minsum,dcop_minsum,byzantine,0.25,5,0
dcop_minsum,24,40,ring_plus,36,4,-10.0,10.0,0.2777777777777778,10.0,0.0,0.0,0.0,0.0,2880.0,2880.0,1.0,0.0,368640.0,128.0,0.0,2880.0,0.0,0.0,0.0,0.0,0.0,0.0,minsum,0.9615352860469052,0.18114142463886862,0.65,7.125,0.0,,0.0,0.37292756063084187,dcop_minsum,dcop_minsum,byzantine,0.25,6,0
dcop_minsum,24,40,ring_plus,46,4,-13.0,13.0,0.2826086956521739,13.0,0.0,0.0,0.0,0.0,3680.0,3680.0,1.0,0.0,471040.0,128.0,0.0,3680.0,0.0,0.0,0.0,0.0,0.0,0.0,minsum,0.9895196417935775,0.022005065807990776,0.525,13.0,-0.025,,0.0,0.3541200301325499,dcop_minsum,dcop_minsum,byzantine,0.25,7,0
dcop_minsum,24,40,ring_plus,41,4,-8.0,8.0,0.1951219512195122,8.0,0.0,0.0,0.0,0.0,3280.0,3280.0,1.0,0.0,419840.0,128.0,0.0,3280.0,0.0,0.0,0.0,0.0,0.0,0.0,minsum,1.0,0.0,0.6,10.0,0.1,,0.0,0.6798047431008131,dcop_minsum,dcop_minsum,byzantine,0.25,8,0
dcop_minsum,24,40,ring_plus,50,4,-17.0,17.0,0.34,17.0,0.0,0.0,0.0,0.0,4000.0,4000.0,1.0,0.0,512000.0,128.0,0.0,4000.0,0.0,0.0,0.0,0.0,0.0,0.0,minsum,1.0013357699122791,0.003220543110275864,0.55,14.25,0.15,,0.0,0.9519929129079138,dcop_minsum,dcop_minsum,byzantine,0.25,9,0
dcop_minsum,24,40,ring_plus,36,4,-6.0,6.0,0.16666666666666666,6.0,0.0,0.0,0.0,0.0,2880.0,2880.0,1.0,0.0,368640.0,128.0,0.0,2880.0,0.0,0.0,0.0,0.0,0.0,0.0,minsum,0.9845352613981488,0.10626069256568071,0.675,9.0,-0.175,,0.0,0.5162054954881106,dcop_minsum,dcop_minsum,byzantine,0.5,0,0
dcop_minsum,24,40,ring_plus,51,4,-14.0,14.0,0.27450980392156865,14.0,0.0,0.0,0.0,0.0,4080.0,4080.0,1.0,0.0,522240.0,128.0,0.0,4080.0,0.0,0.0,0.0,0.0,0.0,0.0,minsum,0.9952114722540172,0.0007022225908135393,0.5,13.25,0.125,,0.0,0.6661370859762062,dcop_minsum,dcop_minsum,byzantine,0.5,1,0
dcop_minsum,24,40,ring_plus,46,4,-13.0,13.0,0.2826086956521739,13.0,0.0,0.0,0.0,0.0,3680.0,3680.0,1.0,0.0,471040.0,128.0,0.0,3680.0,0.0,0.0,0.0,0.0,0.0,0.0,minsum,1.0,0.0,0.525,11.5,0.025,,0.0,0.5767138582645176,dcop_minsum,dcop_minsum,byzantine,0.5,2,0
dcop_minsum,24,40,ring_plus,41,4,-9.0,9.0,0.21951219512195122,9.0,0.0,0.0,0.0,0.0,3280.0,3280.0,1.0,0.0,419840.0,128.0,0.0,3280.0,0.0,0.0,0.0,0.0,0.0,0.0,minsum,0.9737194064064217,0.16875708915626653,0.525,10.625,-0.05,,0.0,0.7280978425891074,dcop_minsum,dcop_minsum,byzantine,0.5,3,0
dcop_minsum,24,40,ring_plus,45,4,-14.0,14.0,0.3111111111111111,14.0,0.0,0.0,0.0,0.0,3600.0,3600.0,1.0,0.0,460800.0,128.0,0.0,3600.0,0.0,0.0,0.0,0.0,0.0,0.0,minsum,0.9862550987212272,0.07205415442895058,0.5,10.125,0.0,,0.0,0.5276394113913421,dcop_minsum,dcop_minsum,byzantine,0.5,4,0
dcop_minsum,24,40,ring_plus,46,4,-11.0,11.0,0.2391304347826087,11.0,0.0,0.0002717391304347826,0.0,0.0,3680.0,3680.0,1.0,0.0,471040.0,128.0,0.0,3680.0,0.0,0.0,0.0,0.0,0.0,0.0,minsum,0.9958817469257756,0.010237561630699332,0.55,10.625,0.05,,0.0,0.6625865705641144,dcop_minsum,dcop_minsum,byzantine,0.5,5,0
dcop_minsum,24,40,ring_plus,36,4,-11.0,11.0,0.3055555555555556,11.0,0.0,0.0,0.0,0.0,2880.0,2880.0,1.0,0.0,368640.0,128.0,0.0,2880.0,0.0,0.0,0.0,0.0,0.0,0.0,minsum,0.9031587319710712,0.20630070655781596,0.6,9.875,0.025,,0.0,0.37292756063084187,dcop_minsum,dcop_minsum,byzantine,0.5,6,0
dcop_minsum,24,40,ring_plus,46,4,-10.0,10.0,0.21739130434782608,10.0,0.0,0.0,0.0,0.0,3680.0,3680.0,1.0,0.0,471040.0,128.0,0.0,3680.0,0.0,0.0,0.0,0.0,0.0,0.0,minsum,0.959632820915048,0.24587983592155638,0.55,9.625,-0.1,,0.0,0.3541200301325499,dcop_minsum,dcop_minsum,byzantine,0.5,7,0
dcop_minsum,24,40,ring_plus,41,4,-8.0,8.0,0.1951219512195122,8.0,0.0,0.0,0.0,0.0,3280.0,3280.0,1.0,0.0,419840.0,128.0,0.0,3280.0,0.0,0.0,0.0,0.0,0.0,0.0,minsum,1.0,0.0,0.525,9.5,0.1,,0.0,0.6798047431008131,dcop_minsum,dcop_minsum,byzantine,0.5,8,0
dcop_minsum,24,40,ring_plus,50,4,-16.0,16.0,0.32,16.0,0.0,0.0,0.0,0.0,4000.0,4000.0,1.0,0.0,512000.0,128.0,0.0,4000.0,0.0,0.0,0.0,0.0,0.0,0.0,minsum,0.9945828805886279,0.04114233332560091,0.55,12.375,0.125,,0.0,0.9519929129079138,dcop_minsum,dcop_minsum,byzantine,0.5,9,0
