benchmark,n_agents,steps,topology,return,final_disagreement,comm_mse,comm_zero_frac,comm_age_mean,comm_age_peak,sent_msgs,delivered_real_msgs,delivery_rate,loss_rate,delivered_bits,bits_per_delivered,status_none,status_delivered,status_replayed,status_spoofed,status_dropped,status_jammed,status_partitioned,status_stale,algo,lyap_rho,lyap_rho_r2,lyap_monotone_frac,lyap_ultimate_bound,lyap_mean_drift,time_to_eps,converged,nominal_lambda2,eff_lambda2,task,task_name,family,value,seed,episode
formation,12,80,ring_plus,-0.00022160767295783537,0.00022160767295783537,0.0,0.0,0.0,0.0,3040.0,3040.0,1.0,0.0,194560.0,64.0,0.0,3040.0,0.0,0.0,0.0,0.0,0.0,0.0,median,0.886875731839717,0.9263137369117306,1.0,0.0005001554867893618,-1.0146362735723915,9.0,1.0,0.8374775018117306,0.8374775018117306,formation_median,formation_median,msg_drop,0.0,0,0
formation,12,80,ring_plus,-9.554835564855314e-07,9.554835564855314e-07,0.0,0.0,0.0,0.0,3680.0,3680.0,1.0,0.0,235520.0,64.0,0.0,3680.0,0.0,0.0,0.0,0.0,0.0,0.0,median,0.8049659375638506,0.9993348589587164,1.0,7.628493533848538e-06,-1.1482056043895432,17.0,1.0,1.2149803804563146,1.2149803804563144,formation_median,formation_median,msg_drop,0.0,1,0
formation,12,80,ring_plus,-0.00033832137644142994,0.00033832137644142994,0.0,0.0,0.0,0.0,3200.0,3200.0,1.0,0.0,204800.0,64.0,0.0,3200.0,0.0,0.0,0.0,0.0,0.0,0.0,median,0.8890170277129217,0.9344443313999127,1.0,0.0007663334795496386,-1.2587838506571938,8.0,1.0,0.7804913528911942,0.7804913528911942,formation_median,formation_median,msg_drop,0.0,2,0
formation,12,80,ring_plus,-3.984746336536951e-07,3.984746336536951e-07,0.0,0.0,0.0,0.0,3680.0,3680.0,1.0,0.0,235520.0,64.0,0.0,3680.0,0.0,0.0,0.0,0.0,0.0,0.0,median,0.8060821494621854,0.9949088324610001,1.0,3.176910499023565e-06,-1.6441112707976093,8.0,1.0,0.9453557583526553,0.9453557583526553,formation_median,formation_median,msg_drop,0.0,3,0
formation,12,80,ring_plus,-2.916959417138675,2.916959417138675,0.0,0.0,0.0,0.0,3200.0,3200.0,1.0,0.0,204800.0,64.0,0.0,3200.0,0.0,0.0,0.0,0.0,0.0,0.0,median,0.8839575766947052,0.5238799471414854,0.2,2.9168574022753644,-0.8208945757317518,,0.0,0.5753969263128755,0.5753969263128756,formation_median,formation_median,msg_drop,0.0,4,0
formation,12,80,ring_plus,-0.1198054017827879,0.1198054017827879,0.0,0.0,0.0,0.0,3200.0,3200.0,1.0,0.0,204800.0,64.0,0.0,3200.0,0.0,0.0,0.0,0.0,0.0,0.0,median,0.9649318876954736,0.4930816602113375,1.0,0.11980661804502576,-0.43794708360426765,15.0,1.0,0.5614766815680613,0.5614766815680613,formation_median,formation_median,msg_drop,0.0,5,0
formation,12,80,ring_plus,-1.9908806637955465,1.9908806637955465,0.0,0.0,0.0,0.0,3040.0,3040.0,1.0,0.0,194560.0,64.0,0.0,3040.0,0.0,0.0,0.0,0.0,0.0,0.0,median,0.8033018452491356,0.6829801755371483,0.1625,1.9906969604063751,-0.8894755299359904,,0.0,0.582300940737028,0.582300940737028,formation_median,formation_median,msg_drop,0.0,6,0
formation,12,80,ring_plus,-3.8965637895967457e-13,3.8965637895967457e-13,0.0,0.0,0.0,0.0,4320.0,4320.0,1.0,0.0,276480.0,64.0,0.0,4320.0,0.0,0.0,0.0,0.0,0.0,0.0,median,0.6751374331250043,0.9414279825930431,1.0,3.1890196341084394e-12,-0.7341167357490606,6.0,1.0,1.492696948605229,1.4926969486052288,formation_median,formation_median,msg_drop,0.0,7,0
formation,12,80,ring_plus,-1.341134592675042,1.341134592675042,0.0,0.0,0.0,0.0,3040.0,3040.0,1.0,0.0,194560.0,64.0,0.0,3040.0,0.0,0.0,0.0,0.0,0.0,0.0,median,0.9599699185809112,0.37512624570192,0.4875,1.3411344683084057,-0.70670337614127,,0.0,0.7074975877589688,0.7074975877589688,formation_median,formation_median,msg_drop,0.0,8,0
formation,12,80,ring_plus,-0.20221460887364656,0.20221460887364656,0.0,0.0,0.0,0.0,3200.0,3200.0,1.0,0.0,204800.0,64.0,0.0,3200.0,0.0,0.0,0.0,0.0,0.0,0.0,median,0.9688436342104325,0.44771592233447877,1.0,0.20236130170042774,-0.979053673904502,11.0,1.0,0.7373428196879402,0.7373428196879404,formation_median,formation_median,msg_drop,0.0,9,0
formation,12,80,ring_plus,-4.0638632691516636e-07,4.0638632691516636e-07,0.0,0.10559210526315789,0.0,0.0,3040.0,2719.0,0.8944078947368421,0.10559210526315788,174016.0,64.0,0.0,2719.0,0.0,0.0,321.0,0.0,0.0,0.0,median,0.7993590217551545,0.9618048578936635,1.0,9.085814887105615e-07,-1.0146390385884743,9.0,1.0,0.8374775018117306,0.8039329723935577,formation_median,formation_median,msg_drop,0.1,0,0
formation,12,80,ring_plus,-1.3473734734972132e-06,1.3473734734972132e-06,0.0,0.1,0.0,0.0,3680.0,3312.0,0.9,0.09999999999999998,211968.0,64.0,0.0,3312.0,0.0,0.0,368.0,0.0,0.0,0.0,median,0.8202413404054579,0.9936356232637965,1.0,1.7826461917899094e-05,-1.148205599490919,15.0,1.0,1.2149803804563146,1.1839967573529653,formation_median,formation_median,msg_drop,0.1,1,0
formation,12,80,ring_plus,-3.883933380997919e-06,3.883933380997919e-06,0.0,0.101875,0.0,0.0,3200.0,2874.0,0.898125,0.10187500000000005,183936.0,64.0,0.0,2874.0,0.0,0.0,326.0,0.0,0.0,0.0,median,0.8317456886235529,0.9905787251061151,1.0,2.037908173331136e-05,-1.2587880311252322,10.0,1.0,0.7804913528911942,0.7614423521597095,formation_median,formation_median,msg_drop,0.1,2,0
formation,12,80,ring_plus,-1.2352234002508933e-07,1.2352234002508933e-07,0.0,0.09456521739130434,0.0,0.0,3680.0,3332.0,0.9054347826086957,0.0945652173913043,213248.0,64.0,0.0,3332.0,0.0,0.0,348.0,0.0,0.0,0.0,median,0.8003403776464088,0.9928804630168553,1.0,1.6671449027875589e-06,-1.6441112742345134,7.0,1.0,0.9453557583526553,0.9305213564977166,formation_median,formation_median,msg_drop,0.1,3,0
formation,12,80,ring_plus,-0.02128594276007966,0.02128594276007966,0.0,0.1021875,0.0,0.0,3200.0,2873.0,0.8978125,0.10218749999999999,183872.0,64.0,0.0,2873.0,0.0,0.0,327.0,0.0,0.0,0.0,median,0.9315117802337345,0.9385508034861698,0.7,0.03131770026284847,-0.8570904941614843,21.0,1.0,0.5753969263128755,0.5597469727491294,formation_median,formation_median,msg_drop,0.1,4,0
formation,12,80,ring_plus,-3.710630759252874e-05,3.710630759252874e-05,0.0,0.096875,0.0,0.0,3200.0,2890.0,0.903125,0.09687500000000004,184960.0,64.0,0.0,2890.0,0.0,0.0,310.0,0.0,0.0,0.0,median,0.8601356582683763,0.9672100441337244,1.0,9.409359870248351e-05,-0.4394441872977075,14.0,1.0,0.5614766815680613,0.5489615060789856,formation_median,formation_median,msg_drop,0.1,5,0
formation,12,80,ring_plus,-0.03370925212709668,0.03370925212709668,0.0,0.09638157894736842,0.0,0.0,3040.0,2747.0,0.9036184210526316,0.09638157894736843,175808.0,64.0,0.0,2747.0,0.0,0.0,293.0,0.0,0.0,0.0,median,0.9453399975901368,0.8623091637580416,0.6625,0.06618800297021356,-0.9139401725818459,22.0,1.0,0.582300940737028,0.5663671045533135,formation_median,formation_median,msg_drop,0.1,6,0
formation,12,80,ring_plus,-1.939213739315832e-17,1.939213739315832e-17,0.0,0.10277777777777777,0.0,0.0,4320.0,3876.0,0.8972222222222223,0.10277777777777775,248064.0,64.0,0.0,3876.0,0.0,0.0,444.0,0.0,0.0,0.0,median,0.5616959617332038,0.9969548669643568,1.0,1.5436785677332616e-15,-0.7341167357490652,6.0,1.0,1.492696948605229,1.4439834066367194,formation_median,formation_median,msg_drop,0.1,7,0
formation,12,80,ring_plus,-0.0007996777913811567,0.0007996777913811567,0.0,0.10493421052631578,0.0,0.0,3040.0,2721.0,0.8950657894736842,0.1049342105263158,174144.0,64.0,0.0,2721.0,0.0,0.0,319.0,0.0,0.0,0.0,median,0.8985253502799627,0.9609715089113913,0.925,0.0016655654508210475,-0.7234575625773155,12.0,1.0,0.7074975877589688,0.6862735131844284,formation_median,formation_median,msg_drop,0.1,8,0
formation,12,80,ring_plus,-0.000505051401318062,0.000505051401318062,0.0,0.1071875,0.0,0.0,3200.0,2857.0,0.8928125,0.10718749999999999,182848.0,64.0,0.0,2857.0,0.0,0.0,343.0,0.0,0.0,0.0,median,0.8913566246410078,0.9498510583160681,0.9125,0.0010637607790005969,-0.9815750433729061,8.0,1.0,0.7373428196879402,0.7141836764502487,formation_median,formation_median,msg_drop,0.1,9,0
formation,12,80,ring_plus,-7.930912038168907e-08,7.930912038168907e-08,0.0,0.29078947368421054,0.0,0.0,3040.0,2156.0,0.7092105263157895,0.2907894736842105,137984.0,64.0,0.0,2156.0,0.0,0.0,884.0,0.0,0.0,0.0,median,0.7889358520850844,0.9801153786429675,1.0,4.459285250954101e-07,-1.0146390426769394,10.0,1.0,0.8374775018117306,0.6087127127185317,formation_median,formation_median,msg_drop,0.3,0,0
formation,12,80,ring_plus,-2.6782211842925237e-09,2.6782211842925237e-09,0.0,0.29836956521739133,0.0,0.0,3680.0,2582.0,0.7016304347826087,0.29836956521739133,165248.0,64.0,0.0,2582.0,0.0,0.0,1098.0,0.0,0.0,0.0,median,0.7552374878422373,0.9968237332667528,0.9875,1.1831177433298698e-07,-1.1482056162996095,12.0,1.0,1.2149803804563146,0.9295216241861028,formation_median,formation_median,msg_drop,0.3,1,0
formation,12,80,ring_plus,-2.7511451927692574e-07,2.7511451927692574e-07,0.0,0.313125,0.0,0.0,3200.0,2198.0,0.686875,0.313125,140672.0,64.0,0.0,2198.0,0.0,0.0,1002.0,0.0,0.0,0.0,median,0.8031813770518492,0.9945438186970778,0.9625,3.0150476439462697e-06,-1.2587880762354677,11.0,1.0,0.7804913528911942,0.5772121987748168,formation_median,formation_median,msg_drop,0.3,2,0
formation,12,80,ring_plus,-2.716894950286672e-07,2.716894950286672e-07,0.0,0.2872282608695652,0.0,0.0,3680.0,2623.0,0.7127717391304348,0.2872282608695652,167872.0,64.0,0.0,2623.0,0.0,0.0,1057.0,0.0,0.0,0.0,median,0.8074788187002402,0.9857497218414052,0.95,1.954034890397126e-06,-1.6441112723824234,7.0,1.0,0.9453557583526553,0.750087337214149,formation_median,formation_median,msg_drop,0.3,3,0
formation,12,80,ring_plus,-0.0016826121224391732,0.0016826121224391732,0.0,0.2975,0.0,0.0,3200.0,2248.0,0.7025,0.2975,143872.0,64.0,0.0,2248.0,0.0,0.0,952.0,0.0,0.0,0.0,median,0.9026761289180784,0.9687089395445512,0.8125,0.0036599627297941415,-0.857335535794455,18.0,1.0,0.5753969263128755,0.4550232559124569,formation_median,formation_median,msg_drop,0.3,4,0
formation,12,80,ring_plus,-6.532087224669405e-07,6.532087224669405e-07,0.0,0.2946875,0.0,0.0,3200.0,2257.0,0.7053125,0.2946875,144448.0,64.0,0.0,2257.0,0.0,0.0,943.0,0.0,0.0,0.0,median,0.8122773149468497,0.9964344102888814,0.925,5.187955719908978e-06,-0.4394446429614433,15.0,1.0,0.5614766815680613,0.3952318265233877,formation_median,formation_median,msg_drop,0.3,5,0
formation,12,80,ring_plus,-0.0005483344009494782,0.0005483344009494782,0.0,0.29638157894736844,0.0,0.0,3040.0,2139.0,0.7036184210526316,0.2963815789473684,136896.0,64.0,0.0,2139.0,0.0,0.0,901.0,0.0,0.0,0.0,median,0.8849858827216308,0.9767140257173418,0.875,0.0014791863678269945,-0.9143546840534228,15.0,1.0,0.582300940737028,0.42537718014940423,formation_median,formation_median,msg_drop,0.3,6,0
formation,12,80,ring_plus,-1.3162140925852875e-15,1.3162140925852875e-15,0.0,0.2988425925925926,0.0,0.0,4320.0,3029.0,0.7011574074074074,0.2988425925925926,193856.0,64.0,0.0,3029.0,0.0,0.0,1291.0,0.0,0.0,0.0,median,0.6198033303645795,0.9982279925990027,0.9875,1.6684261349878453e-13,-0.7341167357490654,7.0,1.0,1.492696948605229,1.1926975654809646,formation_median,formation_median,msg_drop,0.3,7,0
formation,12,80,ring_plus,-6.189502250886008e-06,6.189502250886008e-06,0.0,0.31546052631578947,0.0,0.0,3040.0,2081.0,0.6845394736842105,0.31546052631578947,133184.0,64.0,0.0,2081.0,0.0,0.0,959.0,0.0,0.0,0.0,median,0.840312276130479,0.9836042986336667,0.975,2.2553230369114442e-05,-0.7234674811809296,10.0,1.0,0.7074975877589688,0.46706298413624425,formation_median,formation_median,msg_drop,0.3,8,0
formation,12,80,ring_plus,-8.507876543806904e-06,8.507876543806904e-06,0.0,0.304375,0.0,0.0,3200.0,2226.0,0.695625,0.30437499999999995,142464.0,64.0,0.0,2226.0,0.0,0.0,974.0,0.0,0.0,0.0,median,0.8490187137997737,0.9693670498005168,0.9375,3.0127253693491095e-05,-0.9815812501669658,8.0,1.0,0.7373428196879402,0.5491088189720597,formation_median,formation_median,msg_drop,0.3,9,0
formation,12,80,ring_plus,-1.653055891902654e-07,1.653055891902654e-07,0.0,0.4921052631578947,0.0,0.0,3040.0,1544.0,0.5078947368421053,0.4921052631578947,98816.0,64.0,0.0,1544.0,0.0,0.0,1496.0,0.0,0.0,0.0,median,0.7945207603903388,0.9830656988878619,0.975,9.031900264580438e-07,-1.0146390416019835,10.0,1.0,0.8374775018117306,0.2867190326228385,formation_median,formation_median,msg_drop,0.5,0,0
formation,12,80,ring_plus,-3.770207549180227e-09,3.770207549180227e-09,0.0,0.5065217391304347,0.0,0.0,3680.0,1816.0,0.4934782608695652,0.5065217391304349,116224.0,64.0,0.0,1816.0,0.0,0.0,1864.0,0.0,0.0,0.0,median,0.7599863715932482,0.996351349606974,0.9875,1.2550749556902584e-07,-1.1482056162859597,12.0,1.0,1.2149803804563146,0.43913369357729903,formation_median,formation_median,msg_drop,0.5,1,0
formation,12,80,ring_plus,-5.94919995476501e-06,5.94919995476501e-06,0.0,0.5065625,0.0,0.0,3200.0,1579.0,0.4934375,0.5065625,101056.0,64.0,0.0,1579.0,0.0,0.0,1621.0,0.0,0.0,0.0,median,0.824999867624305,0.9940061855774627,0.9,1.978948620405191e-05,-1.2587880053093998,15.0,1.0,0.7804913528911942,0.2461983382512974,formation_median,formation_median,msg_drop,0.5,2,0
formation,12,80,ring_plus,-3.411784365272881e-07,3.411784365272881e-07,0.0,0.49130434782608695,0.0,0.0,3680.0,1872.0,0.508695652173913,0.491304347826087,119808.0,64.0,0.0,1872.0,0.0,0.0,1808.0,0.0,0.0,0.0,median,0.7976064696087372,0.9859981719015185,0.925,1.6493717023216598e-06,-1.6441112715138122,9.0,1.0,0.9453557583526553,0.3913436615281429,formation_median,formation_median,msg_drop,0.5,3,0
formation,12,80,ring_plus,-0.0001233727744765834,0.0001233727744765834,0.0,0.490625,0.0,0.0,3200.0,1630.0,0.509375,0.490625,104320.0,64.0,0.0,1630.0,0.0,0.0,1570.0,0.0,0.0,0.0,median,0.8804105815604193,0.9671092646197951,0.8375,0.00044785272990502736,-0.8573550262863046,10.0,1.0,0.5753969263128755,0.25346203142493906,formation_median,formation_median,msg_drop,0.5,4,0
formation,12,80,ring_plus,-3.097004795131605e-05,3.097004795131605e-05,0.0,0.4903125,0.0,0.0,3200.0,1631.0,0.5096875,0.49031250000000004,104384.0,64.0,0.0,1631.0,0.0,0.0,1569.0,0.0,0.0,0.0,median,0.8556622362380298,0.9905210933936732,0.875,9.974802318893066e-05,-0.43944426400095293,16.0,1.0,0.5614766815680613,0.20233152390154246,formation_median,formation_median,msg_drop,0.5,5,0
formation,12,80,ring_plus,-0.0003396666906445054,0.0003396666906445054,0.0,0.4944078947368421,0.0,0.0,3040.0,1537.0,0.5055921052631579,0.4944078947368421,98368.0,64.0,0.0,1537.0,0.0,0.0,1503.0,0.0,0.0,0.0,median,0.8768232416694629,0.985027997815165,0.8125,0.0012416746019312313,-0.9143572923998015,18.0,1.0,0.582300940737028,0.19630944368850337,formation_median,formation_median,msg_drop,0.5,6,0
formation,12,80,ring_plus,-1.6028262068616985e-13,1.6028262068616985e-13,0.0,0.49236111111111114,0.0,0.0,4320.0,2193.0,0.5076388888888889,0.49236111111111114,140352.0,64.0,0.0,2193.0,0.0,0.0,2127.0,0.0,0.0,0.0,median,0.6667026027244733,0.997073222482472,0.975,6.274712374634513e-12,-0.7341167357490634,8.0,1.0,1.492696948605229,0.7455860736029559,formation_median,formation_median,msg_drop,0.5,7,0
formation,12,80,ring_plus,-6.444310638752002e-06,6.444310638752002e-06,0.0,0.5144736842105263,0.0,0.0,3040.0,1476.0,0.4855263157894737,0.5144736842105263,94464.0,64.0,0.0,1476.0,0.0,0.0,1564.0,0.0,0.0,0.0,median,0.845340992182292,0.9783094571630876,0.9,2.9947980624178166e-05,-0.723467477995825,11.0,1.0,0.7074975877589688,0.18274366448865598,formation_median,formation_median,msg_drop,0.5,8,0
formation,12,80,ring_plus,-3.3157994793375494e-06,3.3157994793375494e-06,0.0,0.51125,0.0,0.0,3200.0,1564.0,0.48875,0.51125,100096.0,64.0,0.0,1564.0,0.0,0.0,1636.0,0.0,0.0,0.0,median,0.8381121356554596,0.9723125570005787,0.9125,1.4035742117428311e-05,-0.9815813150679293,8.0,1.0,0.7373428196879402,0.2547093206745433,formation_median,formation_median,msg_drop,0.5,9,0
formation,12,80,ring_plus,-1.917079745863743e-06,1.917079745863743e-06,0.0,0.6993421052631579,0.0,0.0,3040.0,914.0,0.3006578947368421,0.6993421052631579,58496.0,64.0,0.0,914.0,0.0,0.0,2126.0,0.0,0.0,0.0,median,0.8108721275179326,0.9956462185638008,0.925,9.906406893193245e-06,-1.0146390197048063,18.0,1.0,0.8374775018117306,0.022939309822797682,formation_median,formation_median,msg_drop,0.7,0,0
formation,12,80,ring_plus,-5.11219141101718e-07,5.11219141101718e-07,0.0,0.7057065217391304,0.0,0.0,3680.0,1083.0,0.29429347826086955,0.7057065217391305,69312.0,64.0,0.0,1083.0,0.0,0.0,2597.0,0.0,0.0,0.0,median,0.8087408880134856,0.9919045253758692,0.9,6.771377779962119e-06,-1.1482056099428481,13.0,1.0,1.2149803804563146,0.06686173348189084,formation_median,formation_median,msg_drop,0.7,1,0
formation,12,80,ring_plus,-4.5766912892084106e-06,4.5766912892084106e-06,0.0,0.7046875,0.0,0.0,3200.0,945.0,0.2953125,0.7046875,60480.0,64.0,0.0,945.0,0.0,0.0,2255.0,0.0,0.0,0.0,median,0.8148537344130664,0.989879105226411,0.8625,1.9143321612783307e-05,-1.2587880224657582,17.0,1.0,0.7804913528911942,0.015719411514766503,formation_median,formation_median,msg_drop,0.7,2,0
formation,12,80,ring_plus,-5.442605095008399e-06,5.442605095008399e-06,0.0,0.7035326086956522,0.0,0.0,3680.0,1091.0,0.29646739130434785,0.7035326086956522,69824.0,64.0,0.0,1091.0,0.0,0.0,2589.0,0.0,0.0,0.0,median,0.8247732907529731,0.9739299979256869,0.8875,1.8785933093445965e-05,-1.6441112077459785,11.0,1.0,0.9453557583526553,0.03524379631704848,formation_median,formation_median,msg_drop,0.7,3,0
formation,12,80,ring_plus,-0.00165842587231694,0.00165842587231694,0.0,0.7,0.0,0.0,3200.0,960.0,0.3,0.7,61440.0,64.0,0.0,960.0,0.0,0.0,2240.0,0.0,0.0,0.0,median,0.9025460696495203,0.9653825450768911,0.725,0.004935653772353615,-0.8573358381225816,18.0,1.0,0.5753969263128755,0.020809120539676085,formation_median,formation_median,msg_drop,0.7,4,0
formation,12,80,ring_plus,-0.00042642440436210517,0.00042642440436210517,0.0,0.7003125,0.0,0.0,3200.0,959.0,0.2996875,0.7003125,61376.0,64.0,0.0,959.0,0.0,0.0,2241.0,0.0,0.0,0.0,median,0.8902496128375278,0.9553868804572746,0.8125,0.0015644813817145297,-0.43943932082149784,16.0,1.0,0.5614766815680613,0.03197499250556962,formation_median,formation_median,msg_drop,0.7,5,0
formation,12,80,ring_plus,-0.0017075282246822266,0.0017075282246822266,0.0,0.6996710526315789,0.0,0.0,3040.0,913.0,0.30032894736842103,0.699671052631579,58432.0,64.0,0.0,913.0,0.0,0.0,2127.0,0.0,0.0,0.0,median,0.8895633832189614,0.9662310162410053,0.8125,0.0038254594592862785,-0.9143401941306258,20.0,1.0,0.582300940737028,0.014939064474773379,formation_median,formation_median,msg_drop,0.7,6,0
formation,12,80,ring_plus,-6.258807062366149e-11,6.258807062366149e-11,0.0,0.6925925925925925,0.0,0.0,4320.0,1328.0,0.3074074074074074,0.6925925925925926,84992.0,64.0,0.0,1328.0,0.0,0.0,2992.0,0.0,0.0,0.0,median,0.7169700627101027,0.9952866586914122,0.975,6.419839453898893e-10,-0.734116735748283,9.0,1.0,1.492696948605229,0.16411381261164035,formation_median,formation_median,msg_drop,0.7,7,0
formation,12,80,ring_plus,-0.0001594851429613784,0.0001594851429613784,0.0,0.7082236842105263,0.0,0.0,3040.0,887.0,0.29177631578947366,0.7082236842105263,56768.0,64.0,0.0,887.0,0.0,0.0,2153.0,0.0,0.0,0.0,median,0.8790411803088207,0.9587456707771639,0.825,0.000489602699522469,-0.7234655649854209,12.0,1.0,0.7074975877589688,0.02053817295256848,formation_median,formation_median,msg_drop,0.7,8,0
formation,12,80,ring_plus,-4.1209661868668974e-05,4.1209661868668974e-05,0.0,0.7078125,0.0,0.0,3200.0,935.0,0.2921875,0.7078125,59840.0,64.0,0.0,935.0,0.0,0.0,2265.0,0.0,0.0,0.0,median,0.8553593285936912,0.9502386068072356,0.8875,8.678790904420061e-05,-0.9815808413946492,11.0,1.0,0.7373428196879402,0.028193482998452358,formation_median,formation_median,msg_drop,0.7,9,0
formation,12,80,ring_plus,-81.17112349346426,81.17112349346426,0.0,1.0,0.0,0.0,3040.0,0.0,0.0,1.0,0.0,0.0,0.0,0.0,0.0,0.0,3040.0,0.0,0.0,0.0,median,1.0,0.0,1.0,81.17112349346426,0.0,,0.0,0.8374775018117306,0.0,formation_median,formation_median,msg_drop,1.0,0,0
formation,12,80,ring_plus,-91.856449306647,91.856449306647,0.0,1.0,0.0,0.0,3680.0,0.0,0.0,1.0,0.0,0.0,0.0,0.0,0.0,0.0,3680.0,0.0,0.0,0.0,median,1.0,0.0,1.0,91.856449306647,0.0,,0.0,1.2149803804563146,0.0,formation_median,formation_median,msg_drop,1.0,1,0
formation,12,80,ring_plus,-100.70304637395195,100.70304637395195,0.0,1.0,0.0,0.0,3200.0,0.0,0.0,1.0,0.0,0.0,0.0,0.0,0.0,0.0,3200.0,0.0,0.0,0.0,median,1.0,0.0,1.0,100.70304637395195,0.0,,0.0,0.7804913528911942,0.0,formation_median,formation_median,msg_drop,1.0,2,0
formation,12,80,ring_plus,-131.52890206228338,131.52890206228338,0.0,1.0,0.0,0.0,3680.0,0.0,0.0,1.0,0.0,0.0,0.0,0.0,0.0,0.0,3680.0,0.0,0.0,0.0,median,1.0,0.0,1.0,131.52890206228338,0.0,,0.0,0.9453557583526553,0.0,formation_median,formation_median,msg_drop,1.0,3,0
formation,12,80,ring_plus,-68.58852547567884,68.58852547567884,0.0,1.0,0.0,0.0,3200.0,0.0,0.0,1.0,0.0,0.0,0.0,0.0,0.0,0.0,3200.0,0.0,0.0,0.0,median,1.0,0.0,1.0,68.58852547567884,0.0,,0.0,0.5753969263128755,0.0,formation_median,formation_median,msg_drop,1.0,4,0
formation,12,80,ring_plus,-35.155572090124195,35.155572090124195,0.0,1.0,0.0,0.0,3200.0,0.0,0.0,1.0,0.0,0.0,0.0,0.0,0.0,0.0,3200.0,0.0,0.0,0.0,median,1.0,0.0,1.0,35.155572090124195,0.0,,0.0,0.5614766815680613,0.0,formation_median,formation_median,msg_drop,1.0,5,0
formation,12,80,ring_plus,-73.14892305867477,73.14892305867477,0.0,1.0,0.0,0.0,3040.0,0.0,0.0,1.0,0.0,0.0,0.0,0.0,0.0,0.0,3040.0,0.0,0.0,0.0,median,1.0,0.0,1.0,73.14892305867477,0.0,,0.0,0.582300940737028,0.0,formation_median,formation_median,msg_drop,1.0,6,0
formation,12,80,ring_plus,-58.72933885992523,58.72933885992523,0.0,1.0,0.0,0.0,4320.0,0.0,0.0,1.0,0.0,0.0,0.0,0.0,0.0,0.0,4320.0,0.0,0.0,0.0,median,1.0,0.0,1.0,58.72933885992523,0.0,,0.0,1.492696948605229,0.0,formation_median,formation_median,msg_drop,1.0,7,0
formation,12,80,ring_plus,-57.87740468397663,57.87740468397663,0.0,1.0,0.0,0.0,3040.0,0.0,0.0,1.0,0.0,0.0,0.0,0.0,0.0,0.0,3040.0,0.0,0.0,0.0,median,1.0,0.0,1.0,57.87740468397663,0.0,,0.0,0.7074975877589688,0.0,formation_median,formation_median,msg_drop,1.0,8,0
formation,12,80,ring_plus,-78.52650852123381,78.52650852123381,0.0,1.0,0.0,0.0,3200.0,0.0,0.0,1.0,0.0,0.0,0.0,0.0,0.0,0.0,3200.0,0.0,0.0,0.0,median,1.0,0.0,1.0,78.52650852123381,0.0,,0.0,0.7373428196879402,0.0,formation_median,formation_median,msg_drop,1.0,9,0
formation,12,80,ring_plus,-0.00022160767295783537,0.00022160767295783537,0.0,0.0,0.0,0.0,3040.0,3040.0,1.0,0.0,194560.0,64.0,0.0,3040.0,0.0,0.0,0.0,0.0,0.0,0.0,median,0.886875731839717,0.9263137369117306,1.0,0.0005001554867893618,-1.0146362735723915,9.0,1.0,0.8374775018117306,0.8374775018117306,formation_median,formation_median,byzantine,0.0,0,0
formation,12,80,ring_plus,-9.554835564855314e-07,9.554835564855314e-07,0.0,0.0,0.0,0.0,3680.0,3680.0,1.0,0.0,235520.0,64.0,0.0,3680.0,0.0,0.0,0.0,0.0,0.0,0.0,median,0.8049659375638506,0.9993348589587164,1.0,7.628493533848538e-06,-1.1482056043895432,17.0,1.0,1.2149803804563146,1.2149803804563144,formation_median,formation_median,byzantine,0.0,1,0
formation,12,80,ring_plus,-0.00033832137644142994,0.00033832137644142994,0.0,0.0,0.0,0.0,3200.0,3200.0,1.0,0.0,204800.0,64.0,0.0,3200.0,0.0,0.0,0.0,0.0,0.0,0.0,median,0.8890170277129217,0.9344443313999127,1.0,0.0007663334795496386,-1.2587838506571938,8.0,1.0,0.7804913528911942,0.7804913528911942,formation_median,formation_median,byzantine,0.0,2,0
formation,12,80,ring_plus,-3.984746336536951e-07,3.984746336536951e-07,0.0,0.0,0.0,0.0,3680.0,3680.0,1.0,0.0,235520.0,64.0,0.0,3680.0,0.0,0.0,0.0,0.0,0.0,0.0,median,0.8060821494621854,0.9949088324610001,1.0,3.176910499023565e-06,-1.6441112707976093,8.0,1.0,0.9453557583526553,0.9453557583526553,formation_median,formation_median,byzantine,0.0,3,0
formation,12,80,ring_plus,-2.916959417138675,2.916959417138675,0.0,0.0,0.0,0.0,3200.0,3200.0,1.0,0.0,204800.0,64.0,0.0,3200.0,0.0,0.0,0.0,0.0,0.0,0.0,median,0.8839575766947052,0.5238799471414854,0.2,2.9168574022753644,-0.8208945757317518,,0.0,0.5753969263128755,0.5753969263128756,formation_median,formation_median,byzantine,0.0,4,0
formation,12,80,ring_plus,-0.1198054017827879,0.1198054017827879,0.0,0.0,0.0,0.0,3200.0,3200.0,1.0,0.0,204800.0,64.0,0.0,3200.0,0.0,0.0,0.0,0.0,0.0,0.0,median,0.9649318876954736,0.4930816602113375,1.0,0.11980661804502576,-0.43794708360426765,15.0,1.0,0.5614766815680613,0.5614766815680613,formation_median,formation_median,byzantine,0.0,5,0
formation,12,80,ring_plus,-1.9908806637955465,1.9908806637955465,0.0,0.0,0.0,0.0,3040.0,3040.0,1.0,0.0,194560.0,64.0,0.0,3040.0,0.0,0.0,0.0,0.0,0.0,0.0,median,0.8033018452491356,0.6829801755371483,0.1625,1.9906969604063751,-0.8894755299359904,,0.0,0.582300940737028,0.582300940737028,formation_median,formation_median,byzantine,0.0,6,0
formation,12,80,ring_plus,-3.8965637895967457e-13,3.8965637895967457e-13,0.0,0.0,0.0,0.0,4320.0,4320.0,1.0,0.0,276480.0,64.0,0.0,4320.0,0.0,0.0,0.0,0.0,0.0,0.0,median,0.6751374331250043,0.9414279825930431,1.0,3.1890196341084394e-12,-0.7341167357490606,6.0,1.0,1.492696948605229,1.4926969486052288,formation_median,formation_median,byzantine,0.0,7,0
formation,12,80,ring_plus,-1.341134592675042,1.341134592675042,0.0,0.0,0.0,0.0,3040.0,3040.0,1.0,0.0,194560.0,64.0,0.0,3040.0,0.0,0.0,0.0,0.0,0.0,0.0,median,0.9599699185809112,0.37512624570192,0.4875,1.3411344683084057,-0.70670337614127,,0.0,0.7074975877589688,0.7074975877589688,formation_median,formation_median,byzantine,0.0,8,0
formation,12,80,ring_plus,-0.20221460887364656,0.20221460887364656,0.0,0.0,0.0,0.0,3200.0,3200.0,1.0,0.0,204800.0,64.0,0.0,3200.0,0.0,0.0,0.0,0.0,0.0,0.0,median,0.9688436342104325,0.44771592233447877,1.0,0.20236130170042774,-0.979053673904502,11.0,1.0,0.7373428196879402,0.7373428196879404,formation_median,formation_median,byzantine,0.0,9,0
formation,12,80,ring_plus,-0.00024718623323432176,0.00024718623323432176,0.0,0.0,0.0,0.0,3040.0,3040.0,1.0,0.0,194560.0,64.0,0.0,3040.0,0.0,0.0,0.0,0.0,0.0,0.0,median,0.8867845322054436,0.9393449779698957,1.0,0.0006262755669705906,-1.0146359538403877,9.0,1.0,0.8374775018117306,0.8374775018117306,formation_median,formation_median,byzantine,0.1,0,0
formation,12,80,ring_plus,-1.701292411436163,1.701292411436163,0.0,0.0,0.0,0.0,3680.0,3680.0,1.0,0.0,235520.0,64.0,0.0,3680.0,0.0,0.0,0.0,0.0,0.0,0.0,median,0.9870958857119251,0.18396887266606865,0.5375,8.01384874661705,-1.1269394611901353,79.0,1.0,1.2149803804563146,1.2149803804563144,formation_median,formation_median,byzantine,0.1,1,0
formation,12,80,ring_plus,-5.041008362728413,5.041008362728413,0.0,0.0,0.0,0.0,3200.0,3200.0,1.0,0.0,204800.0,64.0,0.0,3200.0,0.0,0.0,0.0,0.0,0.0,0.0,median,0.9196513818469251,0.4846452013316491,0.5625,4.534848061680824,-1.195775475140294,,0.0,0.7804913528911942,0.7804913528911942,formation_median,formation_median,byzantine,0.1,2,0
formation,12,80,ring_plus,-0.8139892873109503,0.8139892873109503,0.0,0.0,0.0,0.0,3680.0,3680.0,1.0,0.0,235520.0,64.0,0.0,3680.0,0.0,0.0,0.0,0.0,0.0,0.0,median,0.955708429590802,0.2386076693669199,0.6,2.735484968117853,-1.6339364096871556,23.0,1.0,0.9453557583526553,0.9453557583526553,formation_median,formation_median,byzantine,0.1,3,0
formation,12,80,ring_plus,-3.4441608691789063,3.4441608691789063,0.0,0.0,0.0,0.0,3200.0,3200.0,1.0,0.0,204800.0,64.0,0.0,3200.0,0.0,0.0,0.0,0.0,0.0,0.0,median,0.8527058472107151,0.56802243175415,0.1625,3.444158313846124,-0.8143045575812492,,0.0,0.5753969263128755,0.5753969263128756,formation_median,formation_median,byzantine,0.1,4,0
formation,12,80,ring_plus,-0.00019862232846882625,0.00019862232846882625,0.0,0.0,0.0,0.0,3200.0,3200.0,1.0,0.0,204800.0,64.0,0.0,3200.0,0.0,0.0,0.0,0.0,0.0,0.0,median,0.8824446607808148,0.9524778598588184,1.0,0.00043600564562281926,-0.43944216834744665,14.0,1.0,0.5614766815680613,0.5614766815680613,formation_median,formation_median,byzantine,0.1,5,0
formation,12,80,ring_plus,-6.309098414412913,6.309098414412913,0.0,0.0,0.0,0.0,3040.0,3040.0,1.0,0.0,194560.0,64.0,0.0,3040.0,0.0,0.0,0.0,0.0,0.0,0.0,median,0.9729455036555967,0.1864403079398892,0.5625,5.680445644633692,-0.8354978080532731,,0.0,0.582300940737028,0.582300940737028,formation_median,formation_median,byzantine,0.1,6,0
formation,12,80,ring_plus,-9.95513578734017e-17,9.95513578734017e-17,0.0,0.0,0.0,0.0,4320.0,4320.0,1.0,0.0,276480.0,64.0,0.0,4320.0,0.0,0.0,0.0,0.0,0.0,0.0,median,0.6150606131978195,0.9935858328539516,1.0,3.4374047176260424e-14,-0.7341167357490653,6.0,1.0,1.492696948605229,1.4926969486052288,formation_median,formation_median,byzantine,0.1,7,0
formation,12,80,ring_plus,-2.148368748323124,2.148368748323124,0.0,0.0,0.0,0.0,3040.0,3040.0,1.0,0.0,194560.0,64.0,0.0,3040.0,0.0,0.0,0.0,0.0,0.0,0.0,median,0.9803531886322934,0.1125698824106256,0.5125,5.474213644000518,-0.696612949195669,28.0,1.0,0.7074975877589688,0.7074975877589688,formation_median,formation_median,byzantine,0.1,8,0
formation,12,80,ring_plus,-1.0186302038874604,1.0186302038874604,0.0,0.0,0.0,0.0,3200.0,3200.0,1.0,0.0,204800.0,64.0,0.0,3200.0,0.0,0.0,0.0,0.0,0.0,0.0,median,0.9612834564258258,0.2428865916554257,0.5375,2.6432670934708353,-0.9688484789668292,11.0,1.0,0.7373428196879402,0.7373428196879404,formation_median,formation_median,byzantine,0.1,9,0
formation,12,80,ring_plus,-8.849184208704314,8.849184208704314,0.0,0.0,0.0,0.0,3040.0,3040.0,1.0,0.0,194560.0,64.0,0.0,3040.0,0.0,0.0,0.0,0.0,0.0,0.0,median,0.9873109717024747,0.03314180377908027,0.6375,5.538470181617599,-0.9040242410594994,11.0,1.0,0.8374775018117306,0.8374775018117306,formation_median,formation_median,byzantine,0.25,0,0
formation,12,80,ring_plus,-4.597612725994479,4.597612725994479,0.0,0.0,0.0,0.0,3680.0,3680.0,1.0,0.0,235520.0,64.0,0.0,3680.0,0.0,0.0,0.0,0.0,0.0,0.0,median,0.9684683881097399,0.5453463892111341,0.525,4.57104545422912,-1.0907354572581562,64.0,1.0,1.2149803804563146,1.2149803804563144,formation_median,formation_median,byzantine,0.25,1,0
formation,12,80,ring_plus,-32.82312994777752,32.82312994777752,0.0,0.0,0.0,0.0,3200.0,3200.0,1.0,0.0,204800.0,64.0,0.0,3200.0,0.0,0.0,0.0,0.0,0.0,0.0,median,0.9814600175933239,0.1407824839925792,0.5125,20.814907182403747,-0.8484989553271806,,0.0,0.7804913528911942,0.7804913528911942,formation_median,formation_median,byzantine,0.25,2,0
formation,12,80,ring_plus,-4.328702159307774,4.328702159307774,0.0,0.0,0.0,0.0,3680.0,3680.0,1.0,0.0,235520.0,64.0,0.0,3680.0,0.0,0.0,0.0,0.0,0.0,0.0,median,0.9332867476349374,0.5276715590045231,0.6625,1.529627561676579,-1.5900024987871952,20.0,1.0,0.9453557583526553,0.9453557583526553,formation_median,formation_median,byzantine,0.25,3,0
formation,12,80,ring_plus,-5.217432178153456,5.217432178153456,0.0,0.0,0.0,0.0,3200.0,3200.0,1.0,0.0,204800.0,64.0,0.0,3200.0,0.0,0.0,0.0,0.0,0.0,0.0,median,0.992872526453879,0.11393858259742984,0.6,8.11192800140512,-0.7921386662190671,,0.0,0.5753969263128755,0.5753969263128756,formation_median,formation_median,byzantine,0.25,4,0
formation,12,80,ring_plus,-5.703643117414769,5.703643117414769,0.0,0.0,0.0,0.0,3200.0,3200.0,1.0,0.0,204800.0,64.0,0.0,3200.0,0.0,0.0,0.0,0.0,0.0,0.0,median,0.9863568768447539,0.20660527741666934,0.5375,8.010204905212552,-0.36814911215886786,,0.0,0.5614766815680613,0.5614766815680613,formation_median,formation_median,byzantine,0.25,5,0
formation,12,80,ring_plus,-31.4222702299726,31.4222702299726,0.0,0.0,0.0,0.0,3040.0,3040.0,1.0,0.0,194560.0,64.0,0.0,3040.0,0.0,0.0,0.0,0.0,0.0,0.0,median,0.9799810923084386,0.10293213578238514,0.5125,12.997715975651522,-0.5215831603587772,,0.0,0.582300940737028,0.582300940737028,formation_median,formation_median,byzantine,0.25,6,0
formation,12,80,ring_plus,-0.4184835126987942,0.4184835126987942,0.0,0.0,0.0,0.0,4320.0,4320.0,1.0,0.0,276480.0,64.0,0.0,4320.0,0.0,0.0,0.0,0.0,0.0,0.0,median,0.9027375768832828,0.47473686310249075,0.7,0.2481342085198412,-0.7288856918403305,10.0,1.0,1.492696948605229,1.4926969486052288,formation_median,formation_median,byzantine,0.25,7,0
formation,12,80,ring_plus,-19.5997208015491,19.5997208015491,0.0,0.0,0.0,0.0,3040.0,3040.0,1.0,0.0,194560.0,64.0,0.0,3040.0,0.0,0.0,0.0,0.0,0.0,0.0,median,0.9708245577669917,0.22511894179511127,0.6125,16.105173885077356,-0.4784710485303442,,0.0,0.7074975877589688,0.7074975877589688,formation_median,formation_median,byzantine,0.25,8,0
formation,12,80,ring_plus,-7.180277834503038,7.180277834503038,0.0,0.0,0.0,0.0,3200.0,3200.0,1.0,0.0,204800.0,64.0,0.0,3200.0,0.0,0.0,0.0,0.0,0.0,0.0,median,0.9198848339358419,0.5339765261933043,0.4875,6.567511853726717,-0.8918278835841346,,0.0,0.7373428196879402,0.7373428196879404,formation_median,formation_median,byzantine,0.25,9,0
formation,12,80,ring_plus,-22.075564282680144,22.075564282680144,0.0,0.0,0.0,0.0,3040.0,3040.0,1.0,0.0,194560.0,64.0,0.0,3040.0,0.0,0.0,0.0,0.0,0.0,0.0,median,0.9895085273993693,0.11598333079721634,0.525,21.621419251501532,-0.7386944901348016,,0.0,0.8374775018117306,0.8374775018117306,formation_median,formation_median,byzantine,0.5,0,0
formation,12,80,ring_plus,-10.90795315381676,10.90795315381676,0.0,0.0,0.0,0.0,3680.0,3680.0,1.0,0.0,235520.0,64.0,0.0,3680.0,0.0,0.0,0.0,0.0,0.0,0.0,median,0.9554809350084934,0.2054721486053782,0.5375,19.81503499099655,-1.0118562019103778,,0.0,1.2149803804563146,1.2149803804563144,formation_median,formation_median,byzantine,0.5,1,0
formation,12,80,ring_plus,-20.220964942654085,20.220964942654085,0.0,0.0,0.0,0.0,3200.0,3200.0,1.0,0.0,204800.0,64.0,0.0,3200.0,0.0,0.0,0.0,0.0,0.0,0.0,median,0.9922659686586721,0.10581993396443512,0.5125,19.84269926465282,-1.0060260178912233,,0.0,0.7804913528911942,0.7804913528911942,formation_median,formation_median,byzantine,0.5,2,0
formation,12,80,ring_plus,-11.428225200351424,11.428225200351424,0.0,0.0,0.0,0.0,3680.0,3680.0,1.0,0.0,235520.0,64.0,0.0,3680.0,0.0,0.0,0.0,0.0,0.0,0.0,median,0.9845792022365554,0.08549744327227005,0.5625,19.111386251294373,-1.5012584607741495,,0.0,0.9453557583526553,0.9453557583526553,formation_median,formation_median,byzantine,0.5,3,0
formation,12,80,ring_plus,-25.650166580492947,25.650166580492947,0.0,0.0,0.0,0.0,3200.0,3200.0,1.0,0.0,204800.0,64.0,0.0,3200.0,0.0,0.0,0.0,0.0,0.0,0.0,median,0.750274121538676,0.8173084658569756,0.525,14.703395200949707,-0.5367294861898235,,0.0,0.5753969263128755,0.5753969263128756,formation_median,formation_median,byzantine,0.5,4,0
formation,12,80,ring_plus,-21.931590852765,21.931590852765,0.0,0.0,0.0,0.0,3200.0,3200.0,1.0,0.0,204800.0,64.0,0.0,3200.0,0.0,0.0,0.0,0.0,0.0,0.0,median,0.9832950778082477,0.1717216638878526,0.475,28.150672203367932,-0.16529976546698996,,0.0,0.5614766815680613,0.5614766815680613,formation_median,formation_median,byzantine,0.5,5,0
formation,12,80,ring_plus,-12.440373246131557,12.440373246131557,0.0,0.0,0.0,0.0,3040.0,3040.0,1.0,0.0,194560.0,64.0,0.0,3040.0,0.0,0.0,0.0,0.0,0.0,0.0,median,0.990032522233278,0.11346501476346116,0.5375,17.60285163352074,-0.7588568726567901,,0.0,0.582300940737028,0.582300940737028,formation_median,formation_median,byzantine,0.5,6,0
formation,12,80,ring_plus,-18.321729826769246,18.321729826769246,0.0,0.0,0.0,0.0,4320.0,4320.0,1.0,0.0,276480.0,64.0,0.0,4320.0,0.0,0.0,0.0,0.0,0.0,0.0,median,0.9885890694780445,0.136486753181559,0.5625,11.543937759895098,-0.5050951129144499,,0.0,1.492696948605229,1.4926969486052288,formation_median,formation_median,byzantine,0.5,7,0
formation,12,80,ring_plus,-26.665104517421785,26.665104517421785,0.0,0.0,0.0,0.0,3040.0,3040.0,1.0,0.0,194560.0,64.0,0.0,3040.0,0.0,0.0,0.0,0.0,0.0,0.0,median,0.9901920528345695,0.11728139594294362,0.5625,24.22323680287368,-0.3901537520819355,,0.0,0.7074975877589688,0.7074975877589688,formation_median,formation_median,byzantine,0.5,8,0
formation,12,80,ring_plus,-18.274415297096287,18.274415297096287,0.0,0.0,0.0,0.0,3200.0,3200.0,1.0,0.0,204800.0,64.0,0.0,3200.0,0.0,0.0,0.0,0.0,0.0,0.0,median,0.9118661240957745,0.46475506909338715,0.5,28.507341699486748,-0.7531511653017192,,0.0,0.7373428196879402,0.7373428196879404,formation_median,formation_median,byzantine,0.5,9,0
